Name,Label,Owner,Ownership,Proof,Shanai,Kodomo,Type,Add1,Add2,Y,X,url,TEL,FAX,Full,AgeS,AgeE,Open,Close,H24,Memo,Extra,Temp,Holiday,Night,admitte0,admitte1,admitte2,admitte3,admitte4,admitte5,entry0,entry1,entry2,entry3,entry4,entry5,Vacancy,VacancyDate
“ì•Ûˆç‰€,“ì•Ûˆç‰€,•l¼s,Œö—§,,N,N,”F‰Â•ÛˆçŠ,•l¼s’†‹æó“c’¬73-39,,34.695817,137.735751,http://www.hamamatsu-pippi.net/shiritai/nin_koritsu/2014021907802/,452-1413,,120,Y‹x–¾,,7:00,19:00,,,Y,,,,1,0,0,0,0,1,4,2,0,1,0,1,,2016”N10Œ31“ú
Š›]•Ûˆç‰€,Š›]•Ûˆç‰€,•l¼s,Œö—§,,N,N,”F‰Â•ÛˆçŠ,•l¼s’†‹æŠ›]“ñ’š–Ú8-1,,34.704838,137.715427,http://www.hamamatsu-pippi.net/shiritai/nin_koritsu/2014021907697/,453-1206,,140,Y‹x–¾,,7:30,19:00,,,Y,,,,0,0,0,0,0,1,7,6,3,1,1,0,,2016”N10Œ31“ú
‰Ôì•Ûˆç‰€,‰Ôì•Ûˆç‰€,•l¼s,Œö—§,,N,N,”F‰Â•ÛˆçŠ,•l¼s’†‹æ¼‹u’¬1000,,34.777015,137.699115,http://www.hamamatsu-pippi.net/shiritai/nin_koritsu/2014021907932/,436-1205,,80,Y‹x–¾,,7:30,19:00,,,Y,,,,0,0,0,0,0,0,3,0,1,3,0,0,,2016”N10Œ31“ú
]¼•Ûˆç‰€,]¼•Ûˆç‰€,•l¼s,Œö—§,,N,N,”F‰Â•ÛˆçŠ,•l¼s’†‹æ_“c’¬176,,34.686865,137.725282,http://www.hamamatsu-pippi.net/shiritai/nin_koritsu/2014021907796/,441-8121,,110,Y‹x–¾,,7:30,19:00,,,Y,,,,0,0,0,0,0,0,1,3,2,0,0,1,,2016”N10Œ31“ú
Œ Œ»’J•Ûˆç‰€,Œ Œ»’J•Ûˆç‰€,•l¼s,Œö—§,,N,N,”F‰Â•ÛˆçŠ,•l¼s’†‹æ•x’Ë’¬1480-1,,34.731046,137.708673,http://www.hamamatsu-pippi.net/shiritai/nin_koritsu/2014021907789/,474-2765,,140,Y‹x–¾,,7:30,19:00,,,Y,,,,0,0,0,1,0,0,1,2,0,0,0,0,,2016”N10Œ31“ú
²–Â‘ä•Ûˆç‰€,²–Â‘ä•Ûˆç‰€,•l¼s,Œö—§,,N,N,”F‰Â•ÛˆçŠ,•l¼s’†‹æ²–Â‘äO’š–Ú30-1,,34.706893,137.696945,http://www.hamamatsu-pippi.net/shiritai/nin_koritsu/2014021907772/,449-0744,,140,Y‹x–¾,,7:30,19:00,,,Y,,,,0,0,0,0,0,3,4,4,3,0,3,0,,2016”N10Œ31“ú
›“‡•Ûˆç‰€,›“‡•Ûˆç‰€,•l¼s,Œö—§,,N,N,”F‰Â•ÛˆçŠ,•l¼s’†‹æ›“‡’¬285-5,,34.699875,137.7419,http://www.hamamatsu-pippi.net/shiritai/nin_koritsu/2014021907758/,456-3248,,130,Y‹x–¾,,7:30,19:00,,,Y,,,,0,0,0,0,0,0,2,2,1,2,0,0,,2016”N10Œ31“ú
¼•Ûˆç‰€,¼•Ûˆç‰€,•l¼s,Œö—§,,N,N,”F‰Â•ÛˆçŠ,•l¼s’†‹æ•z‹´“ñ’š–Ú4-17,,34.721855,137.714262,http://www.hamamatsu-pippi.net/shiritai/nin_koritsu/2014021907710/,474-6322,,110,Y‹x–¾,,7:00,19:00,,,Y,,,,0,0,0,0,0,0,0,1,0,1,0,0,,2016”N10Œ31“ú
’†ƒm’¬•Ûˆç‰€,’†ƒm’¬•Ûˆç‰€,•l¼s,Œö—§,,N,N,”F‰Â•ÛˆçŠ,•l¼s“Œ‹æ’†–ì’¬2598-2,,34.731808,137.800772,http://www.hamamatsu-pippi.net/shiritai/nin_koritsu/2014021908007/,421-0327,,80,Y‹x–¾,,7:30,19:00,,,Y,,,,0,0,0,0,0,0,4,1,0,0,0,0,,2016”N10Œ31“ú
Ïu•Ûˆç‰€,Ïu•Ûˆç‰€,•l¼s,Œö—§,,N,N,”F‰Â•ÛˆçŠ,•l¼s“Œ‹æ—L‹Ê–k’¬1264,,34.764088,137.761001,http://www.hamamatsu-pippi.net/shiritai/nin_koritsu/2014021908090/,434-0138,,120,Y‹x–¾,,7:30,19:00,,,Y,,,,0,0,0,0,0,0,2,2,3,0,0,0,,2016”N10Œ31“ú
Š}ˆä•Ûˆç‰€,Š}ˆä•Ûˆç‰€,•l¼s,Œö—§,,N,N,”F‰Â•ÛˆçŠ,•l¼s“Œ‹æŠ}ˆä’¬1284,,34.7667,137.79136,http://www.hamamatsu-pippi.net/shiritai/nin_koritsu/2014021908052/,434-1636,,90,Y‹x–¾,,7:00,19:00,,,Y,,,,0,0,0,0,0,0,9,2,0,0,0,0,,2016”N10Œ31“ú
_“cŒ´•Ûˆç‰€,_“cŒ´•Ûˆç‰€,•l¼s,Œö—§,,N,N,”F‰Â•ÛˆçŠ,•l¼s¼‹æ¼R’¬2150-2,,34.739686,137.683295,http://www.hamamatsu-pippi.net/shiritai/nin_koritsu/2014021908144/,485-8550,,100,Y‹x–¾,,7:30,19:00,,,Y,,,,0,0,0,0,4,5,5,2,1,1,0,1,,2016”N10Œ31“ú
ÂŒ´•Ûˆç‰€i–¯‰c‰»‚É”º‚¢“üŠ’â~j,ÂŒ´•Ûˆç‰€,•l¼s,Œö—§,,N,N,”F‰Â•ÛˆçŠ,•l¼s¼‹æÂŒ´’¬20032,,34.682253,137.653083,,448-0511,,,,,,,,,,,,,-,-,-,-,-,-,-,-,-,-,-,-,,2016”N10Œ31“ú
•‘ã‘æ1•Ûˆç‰€,•‘ã‘æ1•Ûˆç‰€,•l¼s,Œö—§,,N,N,”F‰Â•ÛˆçŠ,•l¼s¼‹æ•‘ã’¬•Ù“V“‡3885,,34.6929,137.604,http://www.hamamatsu-pippi.net/shiritai/nin_koritsu/2014021908236/,592-0004,,80,Y‹x–¾,,7:00,18:30,,,Y,,,,1,0,0,0,0,0,2,0,0,1,0,0,,2016”N10Œ31“ú
•‘ã‘æ2•Ûˆç‰€,•‘ã‘æ2•Ûˆç‰€,•l¼s,Œö—§,,N,N,”F‰Â•ÛˆçŠ,•l¼s¼‹æ•‘ã’¬•‘ã2659-3,,34.683223,137.613668,http://www.hamamatsu-pippi.net/shiritai/nin_koritsu/2014021908243/,592-3552,,90,Y‹x–¾,,7:00,18:30,,,Y,,,,0,0,0,0,0,0,1,0,0,0,0,0,,2016”N10Œ31“ú
—Y“¥•Ûˆç‰€@,—Y“¥•Ûˆç‰€@,•l¼s,Œö—§,,N,N,”F‰Â•ÛˆçŠ,•l¼s¼‹æ—Y“¥’¬‰F•zŒ©5461,,34.702486,137.636785,http://www.hamamatsu-pippi.net/shiritai/nin_koritsu/2014021908229/,592-0502,,140,Y‹x–¾,,7:00,18:30,,,Y,,,,0,0,0,0,0,3,2,3,0,0,0,0,,2016”N10Œ31“ú
‰Â”ü•Ûˆç‰€,‰Â”ü•Ûˆç‰€,•l¼s,Œö—§,,N,N,”F‰Â•ÛˆçŠ,•l¼s“ì‹æá—Ñ’¬70-1,,34.686301,137.701473,http://www.hamamatsu-pippi.net/shiritai/nin_koritsu/2014021908267/,447-0713,,150,Y‹x–¾,,7:30,19:00,,,Y,,,,0,0,0,0,0,1,8,8,1,2,1,1,,2016”N10Œ31“ú
O•ûŒ´•Ûˆç‰€,O•ûŒ´•Ûˆç‰€,•l¼s,Œö—§,,N,N,”F‰Â•ÛˆçŠ,•l¼s–k‹æ“ŒO•û’¬21-1,,34.77553,137.726295,http://www.hamamatsu-pippi.net/shiritai/nin_koritsu/2014021908380/,436-1208,,110,Y‹x–¾,,7:30,19:00,,,Y,,,,0,0,0,0,0,0,5,2,4,2,0,0,,2016”N10Œ31“ú
ˆø²•Ûˆç‰€@,ˆø²•Ûˆç‰€@,•l¼s,Œö—§,,N,N,”F‰Â•ÛˆçŠ,•l¼s–k‹æˆø²’¬ˆäˆÉ’J717,,34.832412,137.67079,http://www.hamamatsu-pippi.net/shiritai/nin_koritsu/2014021908441/,542-0268,,90,Y‹x–¾,,7:15,18:45,,,Y,,,,0,0,0,1,5,1,5,2,1,0,0,0,,2016”N10Œ31“ú
Oƒ–“ú•Ûˆç‰€,Oƒ–“ú•Ûˆç‰€,•l¼s,Œö—§,,N,N,”F‰Â•ÛˆçŠ,•l¼s–k‹æOƒ–“ú’¬Oƒ–“ú811-5,,34.806012,137.550716,http://www.hamamatsu-pippi.net/shiritai/nin_koritsu/2014021908458/,525-0955,,120,Y‹x–¾,,7:30,18:30,,,Y,,,,0,0,0,9,2,0,3,1,0,0,0,0,,2016”N10Œ31“ú
“s’}•Ûˆç‰€@,“s’}•Ûˆç‰€@,•l¼s,Œö—§,,N,N,”F‰Â•ÛˆçŠ,•l¼s–k‹æOƒ–“ú’¬“s’}1789-6,,34.795631,137.574705,http://www.hamamatsu-pippi.net/shiritai/nin_koritsu/2014021908465/,526-7751,,90,Y‹x–¾,,7:30,18:30,,,Y,,,,0,0,0,5,5,12,2,0,1,0,0,0,,2016”N10Œ31“ú
­“‡•Ûˆç‰€@,­“‡•Ûˆç‰€@,•l¼s,Œö—§,,N,N,”F‰Â•ÛˆçŠ,•l¼s“V—³‹æ“ñ–“’¬­“‡529,,34.84793,137.809549,http://www.hamamatsu-pippi.net/shiritai/nin_koritsu/2014021908540/,926-0933,,70,Y‹x–¾,,7:00,19:00,,,Y,,,,0,0,0,0,0,0,3,2,3,3,0,0,,2016”N10Œ31“ú
ƒƒCƒRƒXƒvƒŒƒXƒN[ƒ‹,ƒƒCƒRƒXƒvƒŒƒXƒN[ƒ‹,,„—§,,N,N,”F‰Â•ÛˆçŠ,•l¼s’†‹æé–k“ñ’š–Ú16-36,,34.72345,137.720042,http://www.hamamatsu-pippi.net/shiritai/nin_shiritsu/2014021907703/,471-0391,,60,Y‹x–¾,,7:15,18:45,,,Y,,,,0,0,0,0,0,0,3,1,3,2,3,1,,2016”N10Œ31“ú
‰_•Ûˆç‰€,‰_•Ûˆç‰€,,„—§,,N,N,”F‰Â•ÛˆçŠ,•l¼s’†‹æ²“¡“ñ’š–Ú22-1,,34.713415,137.749474,http://www.hamamatsu-pippi.net/shiritai/nin_shiritsu/2014021907819/,464-9557,,140,Y‹x–¾,,7:00,18:30,,,Y,,,,0,0,0,0,0,0,9,6,2,0,0,0,,2016”N10Œ31“ú
‚±‚Î‚Æ•Ûˆç‰€,‚±‚Î‚Æ•Ûˆç‰€,,„—§,,N,N,”F‰Â•ÛˆçŠ,•l¼s’†‹æ‚—Ñl’š–Ú14-13,,34.730102,137.732547,http://www.hamamatsu-pippi.net/shiritai/nin_shiritsu/2014021907840/,471-0739,,120,Y‹x–¾,,7:00,19:00,,,Y,,,,0,0,0,0,0,0,2,3,0,0,1,0,,2016”N10Œ31“ú
“Vg‰€q‚Ç‚à‚Ì‰Æ,“Vg‰€q‚Ç‚à‚Ì‰Æ,,„—§,,N,N,”F‰Â•ÛˆçŠ,•l¼s’†‹æ¬q’¬23-1,,34.70163,137.726151,http://www.hamamatsu-pippi.net/shiritai/nin_shiritsu/2014021907765/,452-0203,,70,Y‹x–¾,,7:25,18:55,,,Y,,,,0,0,0,0,0,0,3,1,0,0,0,0,,2016”N10Œ31“ú
ˆ¤Œb•Ûˆç‰€,ˆ¤Œb•Ûˆç‰€,,„—§,,N,N,”F‰Â•ÛˆçŠ,•l¼s’†‹æŠ›]O’š–Ú3-37,,34.705987,137.716746,http://www.hamamatsu-pippi.net/shiritai/nin_shiritsu/2014021907680/,453-5526,,70,Y‹x–¾,,7:00,18:30,,,Y,,,,0,0,0,0,0,0,4,4,2,0,1,0,,2016”N10Œ31“ú
ƒwƒŠƒIƒXƒvƒŒƒXƒN[ƒ‹,ƒwƒŠƒIƒXƒvƒŒƒXƒN[ƒ‹,,„—§,,N,N,”F‰Â•ÛˆçŠ,•l¼s’†‹æ–@}’¬124,,34.685957,137.728204,http://www.hamamatsu-pippi.net/shiritai/nin_shiritsu/2014021907949/,442-9198,,110,‚RƒJŒ,,7:15,18:45,,,Y,,,,0,0,0,0,0,0,2,1,3,1,0,0,,2016”N10Œ31“ú
‚·‚İ‚æ‚µ•Ûˆç‰€,‚·‚İ‚æ‚µ•Ûˆç‰€,,„—§,,N,N,”F‰Â•ÛˆçŠ,•l¼s’†‹æ¬“¤–İl’š–Ú18-2,,34.754438,137.73004,http://www.hamamatsu-pippi.net/shiritai/nin_shiritsu/2014021907895/,414-0001,,110,Y‹x–¾,,7:00,19:00,,,Y,,,,0,0,0,0,0,0,9,5,4,3,3,0,,2016”N10Œ31“ú
ƒ‹ƒ“ƒrƒj[ƒvƒŒƒXƒN[ƒ‹,ƒ‹ƒ“ƒrƒj[ƒvƒŒƒXƒN[ƒ‹,,„—§,,N,N,”F‰Â•ÛˆçŠ,•l¼s’†‹æ–k›“‡’¬160,,34.70175,137.740986,http://www.hamamatsu-pippi.net/shiritai/nin_shiritsu/2014021907741/,453-3568,,70,Y‹x–¾,,7:00,18:30,,,Y,,,,0,0,0,0,0,0,2,3,0,0,0,0,,2016”N10Œ31“ú
“V—Ñ›•Ûˆç‰€,“V—Ñ›•Ûˆç‰€,,„—§,,N,N,”F‰Â•ÛˆçŠ,•l¼s’†‹æ‰º’rì’¬27-1,,34.717189,137.729053,http://www.hamamatsu-pippi.net/shiritai/nin_shiritsu/2014021907727/,473-7718,,120,Y‹x–¾,,7:15,19:00,,,Y,,,,0,1,0,1,0,0,11,7,0,0,0,0,,2016”N10Œ31“ú
‚È‚©‚æ‚µ‘æ2•Ûˆç‰€,‚È‚©‚æ‚µ‘æ2•Ûˆç‰€,,„—§,,N,N,”F‰Â•ÛˆçŠ,•l¼s’†‹æ—Ì‰ÆO’š–Ú23-13,,34.693765,137.754669,http://www.hamamatsu-pippi.net/shiritai/nin_shiritsu/2014021907826/,463-8211,,140,Y‹x–¾,,7:00,18:30,,,Y,,,,1,0,0,0,0,0,2,1,1,0,0,0,,2016”N10Œ31“ú
‚½‚ñ‚Û‚Û•Ûˆç‰€,‚½‚ñ‚Û‚Û•Ûˆç‰€,,„—§,,N,N,”F‰Â•ÛˆçŠ,•l¼s’†‹æã“‡“ñ’š–Ú13-35,,34.741084,137.741646,http://www.hamamatsu-pippi.net/shiritai/nin_shiritsu/2014021907857/,474-2780,,120,Y‹x–¾,,7:00,19:00,,,Y,,,,0,0,0,0,0,0,5,2,2,0,0,0,,2016”N10Œ31“ú
Z‹g‘æ“ñ•Ûˆç‰€,Z‹g‘æ“ñ•Ûˆç‰€,,„—§,,N,N,”F‰Â•ÛˆçŠ,•l¼s’†‹æZ‹gˆê’š–Ú11-25,,34.726002,137.725303,http://www.hamamatsu-pippi.net/shiritai/nin_shiritsu/2014021907888/,474-1125,,90,Y‹x–¾,,7:00,19:00,,,Y,,,,0,0,0,0,0,0,7,2,1,0,0,0,,2016”N10Œ31“ú
‚‹u•Ûˆç‰€,‚‹u•Ûˆç‰€,,„—§,,N,N,”F‰Â•ÛˆçŠ,•l¼s’†‹æ‚‹u–k“ñ’š–Ú25-21,,34.76205,137.704467,http://www.hamamatsu-pippi.net/shiritai/nin_shiritsu/2014021907871/,437-6530,,120,‚TƒJŒ,,7:00,18:30,,,Y,,,,0,0,0,0,0,0,16,12,7,6,3,0,,2016”N10Œ31“ú
ˆ¨ƒ–‹u•Ûˆç‰€,ˆ¨ƒ–‹u•Ûˆç‰€,,„—§,,N,N,”F‰Â•ÛˆçŠ,•l¼s’†‹æ‚‹u“ŒO’š–Ú54-18,,34.763506,137.717119,http://www.hamamatsu-pippi.net/shiritai/nin_shiritsu/2014021907864/,437-7952,,130,Y‹x–¾,,7:00,19:00,,,Y,,,,0,0,0,0,0,0,7,4,1,1,0,0,,2016”N10Œ31“ú
˜a‡•Ûˆç‰€,˜a‡•Ûˆç‰€,,„—§,,N,N,”F‰Â•ÛˆçŠ,•l¼s’†‹æ˜a‡’¬220-1280,,34.742286,137.708309,http://www.hamamatsu-pippi.net/shiritai/nin_shiritsu/2014021907901/,472-2522,,120,Y‹x–¾,,7:00,19:00,,,Y,,,,0,0,0,0,0,0,10,4,5,0,1,0,,2016”N10Œ31“ú
‚È‚Ì‚Í‚È•Ûˆç‰€,‚È‚Ì‚Í‚È•Ûˆç‰€,,„—§,,N,N,”F‰Â•ÛˆçŠ,•l¼s’†‹æ’†‰›O’š–Ú4-7,,34.707624,137.741222,http://www.hamamatsu-pippi.net/shiritai/nin_shiritsu/2014021907734/,453-2620,,100,Y‹x–¾,,7:00,19:00,,,Y,,,,0,0,0,0,0,0,8,9,2,0,0,0,,2016”N10Œ31“ú
—V•à‚Ì‹u•Ûˆç‰€,—V•à‚Ì‹u•Ûˆç‰€,,„—§,,N,N,”F‰Â•ÛˆçŠ,•l¼s’†‹æ¼‹u’¬296,,34.767327,137.69163,http://www.hamamatsu-pippi.net/shiritai/nin_shiritsu/2014021907925/,420-1818,,90,Y‹x–¾,,7:00,19:00,,,Y,,,,0,0,0,0,0,0,4,2,2,2,0,0,,2016”N10Œ31“ú
‚ê‚ñ‚°•Ûˆç‰€,‚ê‚ñ‚°•Ûˆç‰€,,„—§,,N,N,”F‰Â•ÛˆçŠ,•l¼s’†‹æ˜a‡–kˆê’š–Ú2-37,,34.736504,137.722297,http://www.hamamatsu-pippi.net/shiritai/nin_shiritsu/2014021907918/,482-8241,,100,Y‹x–¾,,7:00,19:00,,,Y,,,,0,0,0,0,0,0,13,6,1,4,0,0,,2016”N10Œ31“ú
’†‰›‚È‚ª‚©‚İ•Ûˆç‰€,’†‰›‚È‚ª‚©‚İ•Ûˆç‰€,,„—§,,N,N,”F‰Â•ÛˆçŠ,•l¼s’†‹æ’†“‡“ñ’š–Ú7-8,,34.701539,137.746567,http://www.hamamatsu-pippi.net/shiritai/nin_shiritsu/2015031700018/,467-6600,,120,‚UƒJŒ,,7:00,19:00,,,Y,,,,0,0,0,0,0,0,5,2,0,0,0,0,,2016”N10Œ31“ú
‚İ‚»‚ç•Ûˆç‰€,‚İ‚»‚ç•Ûˆç‰€,,„—§,,N,N,”F‰Â•ÛˆçŠ,•l¼s’†‹æ_“c’¬513,,34.687379,137.728149,http://www.hamamatsu-pippi.net/shiritai/nin_shiritsu/2016020500152/,443-9836,,120,Y‹x–¾,,7:00,19:00,,,Y,,,,0,0,0,0,0,0,7,4,0,0,0,0,,2016”N10Œ31“ú
ƒ‹ƒ~[ƒiƒvƒŒƒXƒN[ƒ‹,ƒ‹ƒ~[ƒiƒvƒŒƒXƒN[ƒ‹,,„—§,,N,N,”F‰Â•ÛˆçŠ,•l¼s“Œ‹æ˜a“c’¬315,,34.715411,137.773223,http://www.hamamatsu-pippi.net/shiritai/nin_shiritsu/2014021907987/,463-1278,,120,‚UƒJŒ,,7:00,18:30,,,Y,,,,0,0,0,0,0,0,9,1,4,0,0,0,,2016”N10Œ31“ú
á‹{•Ûˆç‰€,á‹{•Ûˆç‰€,,„—§,,N,N,”F‰Â•ÛˆçŠ,•l¼s“Œ‹æ‘å£’¬2050,,34.759106,137.775639,http://www.hamamatsu-pippi.net/shiritai/nin_shiritsu/2014021908076/,433-2727,,140,Y‹x–¾,,7:00,19:00,,,Y,,,,0,0,0,0,0,0,4,8,7,0,0,0,,2016”N10Œ31“ú
‚İ‚Ç‚è•Ûˆç‰€,‚İ‚Ç‚è•Ûˆç‰€,,„—§,,N,N,”F‰Â•ÛˆçŠ,•l¼s“Œ‹æ—L‹Ê¼’¬1222,,34.762465,137.744589,http://www.hamamatsu-pippi.net/shiritai/nin_shiritsu/2014021908083/,433-9734,,140,Y‹x–¾,,7:00,19:00,,,Y,,,,0,0,0,0,0,0,6,7,3,1,1,1,,2016”N10Œ31“ú
•l¼“Œ•Ûˆç‰€,•l¼“Œ•Ûˆç‰€,,„—§,,N,N,”F‰Â•ÛˆçŠ,•l¼s“Œ‹æÂƒP£’¬580-3,,34.727651,137.777805,http://www.hamamatsu-pippi.net/shiritai/nin_shiritsu/2014021907970/,421-5590,,150,Y‹x–¾,,7:00,19:00,,,Y,,,,0,0,0,0,0,0,9,6,3,1,0,0,,2016”N10Œ31“ú
Š—•Ûˆç‰€,Š—•Ûˆç‰€,,„—§,,N,N,”F‰Â•ÛˆçŠ,•l¼s“Œ‹æ‘åŠ—’¬95-2,,34.715085,137.766543,http://www.hamamatsu-pippi.net/shiritai/nin_shiritsu/2014021907956/,463-1540,,90,‚SƒJŒ,,7:00,18:30,,,Y,,,,0,0,0,0,0,0,7,5,2,0,0,0,,2016”N10Œ31“ú
•l‚Áq•Ûˆç‰€,•l‚Áq•Ûˆç‰€,,„—§,,N,N,”F‰Â•ÛˆçŠ,•l¼s“Œ‹æ¼¬’r’¬340,,34.734143,137.791734,http://www.hamamatsu-pippi.net/shiritai/nin_shiritsu/2014021907994/,421-6800,,110,Y‹x–¾,,7:00,19:00,,,Y,,,,0,0,0,0,0,0,9,2,1,0,0,0,,2016”N10Œ31“ú
‚Ç‚ñ‚®‚è•Ûˆç‰€,‚Ç‚ñ‚®‚è•Ûˆç‰€,,„—§,,N,N,”F‰Â•ÛˆçŠ,•l¼s“Œ‹æ’†ŒS’¬1872,,34.769647,137.782058,http://www.hamamatsu-pippi.net/shiritai/nin_shiritsu/2014021908069/,433-5330,,90,Y‹x–¾,,7:20,18:50,,,Y,,,,0,0,0,0,0,0,3,2,3,0,1,0,,2016”N10Œ31“ú
‚È‚ª‚©‚İ•Ûˆç‰€,‚È‚ª‚©‚İ•Ûˆç‰€,,„—§,,N,N,”F‰Â•ÛˆçŠ,•l¼s“Œ‹æ’†“c’¬776,,34.736607,137.760384,http://www.hamamatsu-pippi.net/shiritai/nin_shiritsu/2014021908045/,411-4811,,120,Y‹x–¾,,7:00,18:30,,,Y,,,,0,0,0,0,0,0,8,3,3,1,0,1,,2016”N10Œ31“ú
‚Ü‚é‚Ã‚©•Ûˆç‰€,‚Ü‚é‚Ã‚©•Ûˆç‰€,,„—§,,N,N,”F‰Â•ÛˆçŠ,•l¼s“Œ‹æŠÛ’Ë’¬287-1,,34.727739,137.760182,http://www.hamamatsu-pippi.net/shiritai/nin_shiritsu/2014021907963/,465-2525,,120,Y‹x–¾,,7:00,18:30,,,Y,,,,0,0,0,0,0,0,4,4,0,0,0,0,,2016”N10Œ31“ú
‚ ‚»‚Ñ¼ƒPè•Ûˆç‰€,‚ ‚»‚Ñ¼ƒPè•Ûˆç‰€,,„—§,,N,N,”F‰Â•ÛˆçŠ,•l¼s“Œ‹æ¼ƒPè1430,,34.775393,137.761914,http://www.hamamatsu-pippi.net/shiritai/nin_shiritsu/2015031900012/,589-5757,,120,Y‹x–¾,,7:00,19:00,,,Y,,,,0,2,0,0,0,0,10,2,2,5,0,0,,2016”N10Œ31“ú
‚»‚ç‚¢‚ë•Ûˆç‰€,‚»‚ç‚¢‚ë•Ûˆç‰€,,„—§,,N,N,”F‰Â•ÛˆçŠ,•l¼s“Œ‹æs–ì’¬1084,,34.743263,137.774449,http://www.hamamatsu-pippi.net/shiritai/nin_shiritsu/2016020500169/,581-8670,,120,‚UƒJŒ,,7:00,19:00,,,Y,,,,2,0,2,0,0,0,3,1,1,0,0,0,,2016”N10Œ31“ú
¶–½‚Ì÷•Ûˆç‰€,¶–½‚Ì÷•Ûˆç‰€,,„—§,,N,N,”F‰Â•ÛˆçŠ,•l¼s¼‹æ_ƒP’J’¬8291-4,,34.730051,137.683426,http://www.hamamatsu-pippi.net/shiritai/nin_shiritsu/2014021908137/,485-0524,,60,Y‹x–¾,,7:00,18:30,,,Y,,,,0,0,0,0,1,0,0,1,0,0,0,0,,2016”N10Œ31“ú
‚í‚©‚­‚³•Ûˆç‰€,‚í‚©‚­‚³•Ûˆç‰€,,„—§,,N,N,”F‰Â•ÛˆçŠ,•l¼s¼‹æ“ü–ì’¬920-1,,34.697708,137.69526,http://www.hamamatsu-pippi.net/shiritai/nin_shiritsu/2014021908168/,448-7777,,150,Y‹x–¾,,7:00,19:00,,,Y,,,,0,0,0,0,0,0,2,6,2,1,0,0,,2016”N10Œ31“ú
“µƒ–‹u•Ûˆç‰€,“µƒ–‹u•Ûˆç‰€,,„—§,,N,N,”F‰Â•ÛˆçŠ,•l¼s¼‹æ‘ålŒ©’¬12-654,,34.733869,137.64771,http://www.hamamatsu-pippi.net/shiritai/nin_shiritsu/2014021908113/,485-5003,,110,Y‹x–¾,,7:00,19:00,,,Y,,,,0,0,0,0,0,0,7,0,1,0,0,0,,2016”N10Œ31“ú
ŠÚR›•Ûˆç‰€,ŠÚR›•Ûˆç‰€,,„—§,,N,N,”F‰Â•ÛˆçŠ,•l¼s¼‹æŠÚR›’¬2418-1,,34.760836,137.614424,http://www.hamamatsu-pippi.net/shiritai/nin_shiritsu/2014021908212/,487-1611,,90,Y‹x–¾,,7:00,19:00,,,Y,,,,0,0,0,0,0,0,4,1,0,0,0,0,,2016”N10Œ31“ú
‚¿‚ã‚¤‚è‚Á‚Õ•Ûˆç‰€,‚¿‚ã‚¤‚è‚Á‚Õ•Ûˆç‰€,,„—§,,N,N,”F‰Â•ÛˆçŠ,•l¼s¼‹æÂŒ´’¬1214-1,,34.689161,137.668296,http://www.hamamatsu-pippi.net/shiritai/nin_shiritsu/2014021908182/,448-4680,,60,Y‹x–¾,,7:00,19:00,,,Y,,,,0,0,0,0,0,0,14,0,0,0,0,0,,2016”N10Œ31“ú
‘å•½‘ä‚í‚©‚­‚³•Ûˆç‰€,‘å•½‘ä‚í‚©‚­‚³•Ûˆç‰€,,„—§,,N,N,”F‰Â•ÛˆçŠ,•l¼s¼‹æ_ƒP’J’¬2042,,34.713894,137.676069,http://www.hamamatsu-pippi.net/shiritai/nin_shiritsu/2014021908120/,485-9000,,90,Y‹x–¾,,7:00,18:30,,,Y,,,,0,0,0,0,0,0,4,0,2,0,1,1,,2016”N10Œ31“ú
‡ˆ¤•Ûˆç‰€,‡ˆ¤•Ûˆç‰€,,„—§,,N,N,”F‰Â•ÛˆçŠ,•l¼s¼‹æ•‘ã’¬•‘ã5372,,34.685499,137.622636,http://www.hamamatsu-pippi.net/shiritai/nin_shiritsu/2014021908250/,592-7733,,90,Y‹x–¾,,7:00,19:00,,,Y,,,,0,0,0,0,0,0,7,1,1,0,0,0,,2016”N10Œ31“ú
u“s˜C•Ûˆç‰€,u“s˜C•Ûˆç‰€,,„—§,,N,N,”F‰Â•ÛˆçŠ,•l¼s¼‹æu“s˜Cˆê’š–Ú3-7,,34.699615,137.664432,http://www.hamamatsu-pippi.net/shiritai/nin_shiritsu/2014021908175/,448-1910,,100,Y‹x–¾,,7:00,19:00,,,Y,,,,0,0,0,0,0,0,3,1,1,0,0,0,,2016”N10Œ31“ú
ŒÎ“Œ”’‚ä‚è•Ûˆç‰€,ŒÎ“Œ”’‚ä‚è•Ûˆç‰€,,„—§,,N,N,”F‰Â•ÛˆçŠ,•l¼s¼‹æŒÎ“Œ’¬5826-1,,34.761208,137.685264,http://www.hamamatsu-pippi.net/shiritai/nin_shiritsu/2015031700025/,486-5301,,120,Y‹x–¾,,7:00,19:00,,,Y,,,,0,0,0,0,0,0,6,2,2,0,1,0,,2016”N10Œ31“ú
ƒƒƒfƒB[•Ûˆç‰€,ƒƒƒfƒB[•Ûˆç‰€,,„—§,,N,N,”F‰Â•ÛˆçŠ,•l¼s¼‹æ—Y“¥“ñ’š–Ú6-21,,34.694948,137.64124,http://www.hamamatsu-pippi.net/shiritai/nin_shiritsu/2014021908663/,592-8236,,150,Y‹x–¾,,7:00,19:00,,,Y,,,,0,0,0,0,2,5,3,6,2,0,0,0,,2016”N10Œ31“ú
ƒ}[ƒKƒŒƒbƒg•Ûˆç‰€,ƒ}[ƒKƒŒƒbƒg•Ûˆç‰€,,„—§,,N,N,”F‰Â•ÛˆçŠ,•l¼s¼‹æ’Øˆä’¬4571,,34.684011,137.650061,http://www.hamamatsu-pippi.net/shiritai/nin_shiritsu/2016020500176/,482-7078,,90,Y‹x–¾,,7:00,19:00,,,Y,,,,0,0,0,0,0,0,4,5,0,0,0,0,,2016”N10Œ31“ú
‚È‚©‚æ‚µ•Ûˆç‰€,‚È‚©‚æ‚µ•Ûˆç‰€,,„—§,,N,N,”F‰Â•ÛˆçŠ,•l¼s“ì‹æO“‡’¬1230,,34.689316,137.747797,http://www.hamamatsu-pippi.net/shiritai/nin_shiritsu/2014021908281/,441-1122,,120,Y‹x–¾,,7:00,19:00,,,Y,,,,0,0,0,0,0,0,2,4,0,0,0,0,,2016”N10Œ31“ú
ƒGƒIƒXƒvƒŒƒXƒN[ƒ‹,ƒGƒIƒXƒvƒŒƒXƒN[ƒ‹,,„—§,,N,N,”F‰Â•ÛˆçŠ,•l¼s“ì‹æ‰“B•ll’š–Ú1-2,,34.655524,137.776069,http://www.hamamatsu-pippi.net/shiritai/nin_shiritsu/2014021908304/,425-7435,,90,Y‹x–¾,,7:15,18:45,,,Y,,,,0,0,1,0,0,0,1,2,0,0,1,0,,2016”N10Œ31“ú
ƒnƒ[•Ûˆç‰€,ƒnƒ[•Ûˆç‰€,,„—§,,N,N,”F‰Â•ÛˆçŠ,•l¼s“ì‹æ‰º]’¬522,,34.680654,137.773225,http://www.hamamatsu-pippi.net/shiritai/nin_shiritsu/2014021908328/,425-5586,,100,Y‹x–¾,,7:00,19:00,,,Y,,,,0,0,0,0,0,0,1,1,1,0,0,0,,2016”N10Œ31“ú
‚½‚©‚Â‚©Œõ•Ûˆç‰€,‚½‚©‚Â‚©Œõ•Ûˆç‰€,,„—§,,N,N,”F‰Â•ÛˆçŠ,•l¼s“ì‹æ‚’Ë’¬2312-16,,34.686373,137.68378,http://www.hamamatsu-pippi.net/shiritai/nin_shiritsu/2014021908274/,449-8000,,100,Y‹x–¾,,7:00,19:00,,,Y,,,,0,0,0,0,0,0,3,1,0,0,0,0,,2016”N10Œ31“ú
‚Í‚Ÿ‚à‚É‚¡•Ûˆç‰€,‚Í‚Ÿ‚à‚É‚¡•Ûˆç‰€,,„—§,,N,N,”F‰Â•ÛˆçŠ,•l¼s“ì‹æO˜a’¬782,,34.701054,137.772767,http://www.hamamatsu-pippi.net/shiritai/nin_shiritsu/2014021908342/,464-8770,,110,Y‹x–¾,,7:00,19:00,,,Y,,,,0,0,0,0,0,0,5,0,1,3,0,0,,2016”N10Œ31“ú
“s“c•Ûˆç‰€,“s“c•Ûˆç‰€,,„—§,,N,N,”F‰Â•ÛˆçŠ,•l¼s–k‹æ“s“c’¬6497-1,,34.824479,137.71522,http://www.hamamatsu-pippi.net/shiritai/nin_shiritsu/2014021908427/,428-3208,,160,Y‹x–¾,,7:00,19:00,,,Y,,,,0,0,0,0,0,0,8,7,4,0,0,0,,2016”N10Œ31“ú
‰¶•Ûˆç‰€,‰¶•Ûˆç‰€,,„—§,,N,N,”F‰Â•ÛˆçŠ,•l¼s–k‹æ“ŒO•û’¬185-2,,34.777622,137.73395,http://www.hamamatsu-pippi.net/shiritai/nin_shiritsu/2014021908373/,436-7102,,160,‚SƒJŒ,,7:00,19:00,,,Y,,,,0,0,0,0,0,2,5,5,4,1,0,0,,2016”N10Œ31“ú
‚Ğ‚Ü‚í‚è•Ûˆç‰€,‚Ğ‚Ü‚í‚è•Ûˆç‰€,,„—§,,N,N,”F‰Â•ÛˆçŠ,•l¼s–k‹æ–L‰ª’¬317-2,,34.790989,137.734,http://www.hamamatsu-pippi.net/shiritai/nin_shiritsu/2014021908359/,420-2700,,110,Y‹x–¾,,7:00,19:00,,,Y,,,,0,0,0,0,0,0,5,3,2,0,0,0,,2016”N10Œ31“ú
×]•Ûˆç‰€,×]•Ûˆç‰€,,„—§,,N,N,”F‰Â•ÛˆçŠ,•l¼s–k‹æ×]’¬‹C‰ê431,,34.807473,137.652295,http://www.hamamatsu-pippi.net/shiritai/nin_shiritsu/2014021908434/,522-0596,,180,Y‹x–¾,,7:15,19:15,,,Y,,,,0,0,0,0,0,0,6,1,5,0,0,0,,2016”N10Œ31“ú
‚Í‚ç‚Á‚Ï•Ûˆç‰€,‚Í‚ç‚Á‚Ï•Ûˆç‰€,,„—§,,N,N,”F‰Â•ÛˆçŠ,•l¼s–k‹æOK’¬440-10,,34.80409,137.725042,http://www.hamamatsu-pippi.net/shiritai/nin_shiritsu/2016020500183/,482-9207,,120,Y‹x–¾,,7:00,19:00,,,Y,,,,0,0,0,0,5,0,4,3,0,2,0,0,,2016”N10Œ31“ú
‚±‚Ü‚Â•Ûˆç‰€,‚±‚Ü‚Â•Ûˆç‰€,,„—§,,N,N,”F‰Â•ÛˆçŠ,•l¼s•l–k‹æ¬¼3221,,34.782695,137.770788,http://www.hamamatsu-pippi.net/shiritai/nin_shiritsu/2014021908472/,584-0170,,140,Y‹x–¾,,7:00,20:00,,,Y,,,,0,0,0,0,0,0,10,2,2,0,0,0,,2016”N10Œ31“ú
‚«‚Ô‚Ë•Ûˆç‰€,‚«‚Ô‚Ë•Ûˆç‰€,,„—§,,N,N,”F‰Â•ÛˆçŠ,•l¼s•l–k‹æ‹M•z”I2668,,34.800452,137.782809,http://www.hamamatsu-pippi.net/shiritai/nin_shiritsu/2014021908489/,584-0172,,150,Y‹x–¾,,7:00,20:00,,,Y,,,,0,0,0,0,0,0,10,6,1,1,0,0,,2016”N10Œ31“ú
‚µ‚Î‚à‚Æ•Ûˆç‰€,‚µ‚Î‚à‚Æ•Ûˆç‰€,,„—§,,N,N,”F‰Â•ÛˆçŠ,•l¼s•l–k‹æ‰—˜C3087-2,,34.8234,137.799687,http://www.hamamatsu-pippi.net/shiritai/nin_shiritsu/2014021908496/,580-0050,,140,Y‹x–¾,,7:00,20:00,,,Y,,,,0,0,0,0,0,0,3,12,1,0,0,0,,2016”N10Œ31“ú
‚µ‚ñ‚Ï‚ç•Ûˆç‰€,‚µ‚ñ‚Ï‚ç•Ûˆç‰€,,„—§,,N,N,”F‰Â•ÛˆçŠ,•l¼s•l–k‹æVŒ´2669,,34.815322,137.773976,http://www.hamamatsu-pippi.net/shiritai/nin_shiritsu/2014021908502/,580-1011,,170,Y‹x–¾,,7:00,20:00,,,Y,,,,0,0,0,0,0,0,7,4,4,0,0,0,,2016”N10Œ31“ú
‚È‚©‚º•Ûˆç‰€,‚È‚©‚º•Ûˆç‰€,,„—§,,N,N,”F‰Â•ÛˆçŠ,•l¼s•l–k‹æ’†£673,,34.809661,137.806736,http://www.hamamatsu-pippi.net/shiritai/nin_shiritsu/2014021908519/,584-0174,,140,Y‹x–¾,,7:00,20:00,,,Y,,,,0,0,0,0,0,0,10,4,2,1,0,0,,2016”N10Œ31“ú
‚­‚·‚Ì‚«•Ûˆç‰€,‚­‚·‚Ì‚«•Ûˆç‰€,,„—§,,N,N,”F‰Â•ÛˆçŠ,•l¼s•l–k‹æ‚”¨897,,34.797784,137.798921,http://www.hamamatsu-pippi.net/shiritai/nin_shiritsu/2014021908533/,589-3340,,120,Y‹x–¾,,7:20,18:50,,,Y,,,,0,0,0,0,0,0,4,7,3,2,2,0,,2016”N10Œ31“ú
—V•à‚Ì‹u‚Í‚Ü‚È•Ûˆç‰€,—V•à‚Ì‹u‚Í‚Ü‚È•Ûˆç‰€,,„—§,,N,N,”F‰Â•ÛˆçŠ,•l¼s•l–k‹æ¬¼1285-1,,34.792624,137.771546,http://www.hamamatsu-pippi.net/shiritai/nin_shiritsu/2015031900029/,585-4141,,120,Y‹x–¾,,7:00,19:00,,,Y,,,,0,0,0,0,0,0,7,5,4,0,1,1,,2016”N10Œ31“ú
qˆç‚ÄƒZƒ“ƒ^[‚©‚«‚Ì‚İ,qˆç‚ÄƒZƒ“ƒ^[‚©‚«‚Ì‚İ,,„—§,,N,N,”F‰Â•ÛˆçŠ,•l¼s•l–k‹æ’†£2308,,34.84352,137.812602,http://www.hamamatsu-pippi.net/shiritai/nin_shiritsu/2016020500190/,545-3870,,120,Y‹x–¾,,7:00,20:00,,,Y,,,,0,0,0,0,0,0,9,9,14,2,0,0,,2016”N10Œ31“ú
•l–k¼•Ûˆç‰€,•l–k¼•Ûˆç‰€,,„—§,,N,N,”F‰Â•ÛˆçŠ,•l¼s•l–k‹æVŒ´4284-1,,34.804954,137.780884,http://www.hamamatsu-pippi.net/shiritai/nin_shiritsu/2016020500206/,585-5590,,120,Y‹x–¾,,7:00,19:00,,,Y,,,,0,0,0,0,16,20,2,11,11,0,1,1,,2016”N10Œ31“ú
‚·‚¬‚Ì‚±•Ûˆç‰€,‚·‚¬‚Ì‚±•Ûˆç‰€,,„—§,,N,N,”F‰Â•ÛˆçŠ,•l¼s“V—³‹æ‘å’J111-1,,34.872377,137.816743,http://www.hamamatsu-pippi.net/shiritai/nin_shiritsu/2014021908557/,922-0170,,60,Y‹x–¾,,7:00,19:00,,,Y,,,,0,0,0,0,0,0,1,3,5,1,0,0,,2016”N10Œ31“ú
‚â‚Ü‚Ñ‚±•Ûˆç‰€,‚â‚Ü‚Ñ‚±•Ûˆç‰€,,„—§,,N,N,”F‰Â•ÛˆçŠ,•l¼s“V—³‹æR“Œ3577,,34.870547,137.825619,http://www.hamamatsu-pippi.net/shiritai/nin_shiritsu/2014021908564/,922-0180,,90,Y‹x–¾,,7:00,19:00,,,Y,,,,0,0,0,0,0,0,5,6,3,1,0,0,,2016”N10Œ31“ú
‚ ‚¢‚ ‚¢•Ûˆçƒ‹[ƒ€,‚ ‚¢‚ ‚¢•Ûˆçƒ‹[ƒ€,,„—§,,N,N,”F‰Â•ÛˆçŠ,•l¼s’†‹æ‚‹u“ŒO’š–Ú38-5,,34.759582,137.720335,http://www.hamamatsu-pippi.net/shiritai/chi_sho/2015030400032/,414-5577,,11,‚RƒJŒ,,7:00,19:00,,,Y,,,,0,0,0,-,-,-,0,0,0,-,-,-,,2016”N10Œ31“ú
‘õ™Š‚İ‚ñ‚È‚¨‚¢‚Å,‘õ™Š‚İ‚ñ‚È‚¨‚¢‚Å,,„—§,,N,N,”F‰Â•ÛˆçŠ,•l¼s’†‹æ•x’Ë’¬649-7,,34.72963,137.712476,http://www.hamamatsu-pippi.net/shiritai/chi_sho/2014021908731/,476-4486,,12,Y‹x–¾,,7:00,19:00,,,Y,,,,0,0,5,-,-,-,0,2,0,-,-,-,,2016”N10Œ31“ú
‚Í‚®‚İ‚È‘æ“ñ•Ûˆç‰€,‚Í‚®‚İ‚È‘æ“ñ•Ûˆç‰€,,„—§,,N,N,”F‰Â•ÛˆçŠ,•l¼s’†‹æˆ¨¼˜Z’š–Ú6-30,,34.769974,137.70284,http://www.hamamatsu-pippi.net/shiritai/chi_sho/2015030400063/,570-3583,,19,‚UƒJŒ,,7:00,19:00,,,Y,,,,0,1,1,-,-,-,0,0,1,-,-,-,,2016”N10Œ31“ú
‚Æ‚Æ‚¯‚Á‚±[,‚Æ‚Æ‚¯‚Á‚±[,,„—§,,N,N,”F‰Â•ÛˆçŠ,•l¼s’†‹æ‰g”nO’š–Ú36-34,,34.728755,137.743716,http://www.hamamatsu-pippi.net/shiritai/chi_sho/2016020500251/,411-3390,,12,Y‹x–¾,,7:00,19:00,,,Y,,,,0,0,0,-,-,-,0,0,0,-,-,-,,2016”N10Œ31“ú
ƒGƒ“ƒ[ƒ‹‘æ“ñ•Ûˆç‰€,ƒGƒ“ƒ[ƒ‹‘æ“ñ•Ûˆç‰€,,„—§,,N,N,”F‰Â•ÛˆçŠ,•l¼s’†‹æ‚‹u“Œl’š–Ú4-12,,34.756965,137.709267,http://www.hamamatsu-pippi.net/shiritai/chi_sho/2016020500268/,437-4108,,19,‚RƒJŒ,,7:00,18:00,,,Y,,,,0,1,1,-,-,-,2,0,1,-,-,-,,2016”N10Œ31“ú
‚Â‚Î‚ß•Ûˆç‰€,‚Â‚Î‚ß•Ûˆç‰€,,„—§,,N,N,”F‰Â•ÛˆçŠ,•l¼s“Œ‹æ—L‹Ê¼’¬2197-2,,34.752458,137.735907,http://www.hamamatsu-pippi.net/shiritai/chi_sho/2016020500213/,571-1729,,15,‚UƒJŒ,,7:30,19:30,,,Y,,,,0,0,1,-,-,-,0,0,0,-,-,-,,2016”N10Œ31“ú
‚»‚ê‚¢‚ä•Ûˆç‰€,‚»‚ê‚¢‚ä•Ûˆç‰€,,„—§,,N,N,”F‰Â•ÛˆçŠ,•l¼s“Œ‹æ‘å£’¬413-2,,34.761141,137.760104,http://www.hamamatsu-pippi.net/shiritai/chi_sho/2016020500220/,582-7210,,15,Y‹x–¾,,7:15,18:30,,,Y,,,,0,0,1,-,-,-,2,0,0,-,-,-,,2016”N10Œ31“ú
¬‹K–Í•Ûˆçº ‚¢‚¸‚İ‚Á‚±,¬‹K–Í•Ûˆçº ‚¢‚¸‚İ‚Á‚±,,„—§,,N,N,”F‰Â•ÛˆçŠ,•l¼s“Œ‹æ¬’r’¬743-1,,34.752992,137.765674,http://www.hamamatsu-pippi.net/shiritai/chi_sho/2016020500275/,435-4030,,9,Y‹x–¾,,7:00,19:00,,,Y,,,,0,0,0,-,-,-,1,2,0,-,-,-,,2016”N10Œ31“ú
—D•—•Ûˆç‰€,—D•—•Ûˆç‰€,,„—§,,N,N,”F‰Â•ÛˆçŠ,•l¼s¼‹æ“ü–ì’¬6361,,34.699796,137.68786,http://www.hamamatsu-pippi.net/shiritai/chi_sho/2014021908670/,445-1115,,19,‚UƒJŒ,,7:30,19:00,,,Y,,,,0,0,0,-,-,-,3,0,0,-,-,-,,2016”N10Œ31“ú
²–Â•Ûˆç‰€,²–Â•Ûˆç‰€,,„—§,,N,N,”F‰Â•ÛˆçŠ,•l¼s¼‹æ“ü–ì’¬9277-1,,34.69988,137.682752,http://www.hamamatsu-pippi.net/shiritai/chi_sho/2014021908762/,448-5268,,19,Y‹x–¾,,7:30,19:00,,,Y,,,,0,0,0,-,-,-,0,0,0,-,-,-,,2016”N10Œ31“ú
‚¢‚è‚Ì‚ÌXB•l¼—c’tÉ,‚¢‚è‚Ì‚ÌXB•l¼—c’tÉ,,„—§,,N,N,”F‰Â•ÛˆçŠ,•l¼s¼‹æ“ü–ì’¬16104-1,,34.701232,137.668742,http://www.hamamatsu-pippi.net/shiritai/chi_sho/2016020500237/,482-9383,,12,‚UƒJŒ,,7:30,18:30,,,Y,,,,0,0,0,-,-,-,0,0,0,-,-,-,,2016”N10Œ31“ú
‚·‚±‚â‚©•Ûˆç‰€,‚·‚±‚â‚©•Ûˆç‰€,,„—§,,N,N,”F‰Â•ÛˆçŠ,•l¼s“ì‹æO“‡’¬103-1,,34.689513,137.738401,http://www.hamamatsu-pippi.net/shiritai/chi_sho/2015030400094/,444-3730,,15,‚UƒJŒ,,7:30,19:00,,,Y,,,,0,0,0,-,-,-,4,1,0,-,-,-,,2016”N10Œ31“ú
‚È‚²‚İ•Ûˆçº,‚È‚²‚İ•Ûˆçº,,„—§,,N,N,”F‰Â•ÛˆçŠ,•l¼s–k‹æO•ûŒ´’¬1364-5,,34.783403,137.711566,http://www.hamamatsu-pippi.net/shiritai/chi_sho/2015030400100/,525-9666,,9,Y‹x–¾,,7:00,19:00,,,Y,,,,0,0,0,-,-,-,0,0,0,-,-,-,,2016”N10Œ31“ú
‚à‚­‚Î•Ûˆç‰€,‚à‚­‚Î•Ûˆç‰€,,„—§,,N,N,”F‰Â•ÛˆçŠ,•l¼s–k‹æ‰¶’¬1303-5,,34.770369,137.715902,http://www.hamamatsu-pippi.net/shiritai/chi_sho/2016020500244/,437-5300,,16,‚UƒJŒ,,7:00,19:00,,,Y,,,,1,0,1,-,-,-,2,0,0,-,-,-,,2016”N10Œ31“ú
¹—ê•l¼•a‰@‚Ğ‚Î‚è•Ûˆç‰€,¹—ê•l¼•a‰@‚Ğ‚Î‚è•Ûˆç‰€,,„—§,,Y,N,”F‰Â•ÛˆçŠ,•l¼s’†‹æZ‹g“ñ’š–Ú24-4,,34.732696,137.724422,http://www.hamamatsu-pippi.net/shiritai/chi_jigyo/2015030400117/,474-3123,,20,Y‹x–¾,,7:30,21:30,,,Y,,,,0,0,3,-,-,-,1,0,0,-,-,-,,2016”N10Œ31“ú
¹—ê‚ß‚®‚İ•Ûˆç‰€,¹—ê‚ß‚®‚İ•Ûˆç‰€,,„—§,,Y,N,”F‰Â•ÛˆçŠ,•l¼s’†‹æ˜a‡’¬555,,34.742264,137.701493,http://www.hamamatsu-pippi.net/shiritai/chi_jigyo/2015030400124/,475-6110,,7,Y‹x–¾,,7:00,19:00,,,Y,,,,0,0,0,-,-,-,0,1,1,-,-,-,,2016”N10Œ31“ú
‚ ‚ä‚İ•Ûˆç‰€,‚ ‚ä‚İ•Ûˆç‰€,,„—§,,Y,N,”F‰Â•ÛˆçŠ,•l¼s’†‹æ²–Â‘äŒÜ’š–Ú9-5,,34.713676,137.699392,http://www.hamamatsu-pippi.net/shiritai/chi_jigyo/2016020500282/,454-0804,,20,Y‹x–¾,,7:15,19:15,,,Y,,,,0,0,0,-,-,-,1,0,0,-,-,-,,2016”N10Œ31“ú
ƒLƒbƒYƒz[ƒ€‚Ä‚ñ‚Æ‚¤‚Ş‚µ,ƒLƒbƒYƒz[ƒ€‚Ä‚ñ‚Æ‚¤‚Ş‚µ,,„—§,,Y,N,”F‰Â•ÛˆçŠ,•l¼s’†‹æ‰Ôì’¬819,,34.775736,137.688544,http://www.hamamatsu-pippi.net/shiritai/chi_jigyo/2016020500305/,414-6001,,9,Y‹x–¾,,7:00,19:00,,,Y,,,,0,0,0,-,-,-,0,0,0,-,-,-,,2016”N10Œ31“ú
‚·‚İ‚ê•Ûˆç‰€,‚·‚İ‚ê•Ûˆç‰€,,„—§,,Y,N,”F‰Â•ÛˆçŠ,•l¼s“ì‹æ“cK’¬120-1,,34.680788,137.725907,http://www.hamamatsu-pippi.net/shiritai/chi_jigyo/2015030400131/,443-1155,,6,Y‹x–¾,,7:30,18:30,,,Y,,,,0,0,1,-,-,-,0,0,0,-,-,-,,2016”N10Œ31“ú
‚©‚à‚ß•Ûˆç‰€,‚©‚à‚ß•Ûˆç‰€,,„—§,,Y,N,”F‰Â•ÛˆçŠ,•l¼s–k‹æ“s“c’¬8786,,34.823952,137.746575,http://www.hamamatsu-pippi.net/shiritai/chi_jigyo/2016020500299/,428-5202,,12,Y‹x–¾,,7:00,19:00,,,Y,,,,1,1,0,-,-,-,1,0,1,-,-,-,,2016”N10Œ31“ú
\‘S‘o—t•Ûˆç‰€,\‘S‘o—t•Ûˆç‰€,,„—§,,Y,N,”F‰Â•ÛˆçŠ,•l¼s•l–k‹æ•½Œû1969-1,,34.794002,137.769044,http://www.hamamatsu-pippi.net/shiritai/chi_jigyo/2015030400148/,585-4345,,10,Y‹x–¾,,7:30,18:30,,,Y,,,,0,0,0,-,-,-,0,0,0,-,-,-,,2016”N10Œ31“ú
‚Ğ‚­‚Ü‚±‚Ç‚à‰€,‚Ğ‚­‚Ü‚±‚Ç‚à‰€,,„—§,,N,Y,”F‰Â•ÛˆçŠ,•l¼s’†‹æ‰g”nl’š–Ú8-12,,34.729724,137.744869,http://www.hamamatsu-pippi.net/shiritai/kodomoen_yo/2016020500060/,464-4069,,130,Y‹x–¾,,7:00,19:00,,,Y,,,,0,0,0,0,0,0,18,6,3,2,2,1,,2016”N10Œ31“ú
‚È‚©‚´‚í‚±‚Ç‚à‰€,‚È‚©‚´‚í‚±‚Ç‚à‰€,,„—§,,N,Y,”F‰Â•ÛˆçŠ,•l¼s’†‹æ’†‘ò’¬58-9,,34.722969,137.727925,http://www.hamamatsu-pippi.net/shiritai/kodomoen_yo/2016020500022/,471-0497,,90,‚UƒJŒ,,7:00,19:00,,,Y,,,,0,0,0,0,0,0,0,2,1,2,1,0,,2016”N10Œ31“ú
‘Š¶‚±‚Ç‚à‰€,‘Š¶‚±‚Ç‚à‰€,,„—§,,N,Y,”F‰Â•ÛˆçŠ,•l¼s’†‹æ‘Š¶’¬14-30,,34.708299,137.748291,http://www.hamamatsu-pippi.net/shiritai/kodomoen_yo/2016020500046/,461-6519,,110,‚UƒJŒ,,7:30,18:30,,,Y,,,,1,0,2,0,0,0,8,7,3,0,0,0,,2016”N10Œ31“ú
¹—ê‚±‚Ç‚à‰€‚Ğ‚©‚è‚Ìq,¹—ê‚±‚Ç‚à‰€‚Ğ‚©‚è‚Ìq,,„—§,,N,Y,”F‰Â•ÛˆçŠ,•l¼s“Œ‹æ“V‰¤’¬1896,,34.740968,137.767372,http://www.hamamatsu-pippi.net/shiritai/kodomoen_ho/2014021908021/,421-6822,,150,Y‹x–¾,,7:00,19:00,,,Y,,,,0,0,0,0,0,0,20,2,2,3,1,1,,2016”N10Œ31“ú
‚¢‚¸‚İ‚±‚Ç‚à‰€,‚¢‚¸‚İ‚±‚Ç‚à‰€,,„—§,,N,Y,”F‰Â•ÛˆçŠ,•l¼s“Œ‹æ¬’r’¬710,,34.751653,137.760222,http://www.hamamatsu-pippi.net/shiritai/kodomoen_yo/2016020500084/,434-4411,,140,Y‹x–¾,,7:00,19:00,,,Y,,,,0,0,0,0,0,0,4,7,2,2,1,0,,2016”N10Œ31“ú
s–ì—^i‚±‚Ç‚à‰€,s–ì—^i‚±‚Ç‚à‰€,,„—§,,N,Y,”F‰Â•ÛˆçŠ,•l¼s“Œ‹æs–ì’¬2636,,34.747821,137.767102,http://www.hamamatsu-pippi.net/shiritai/kodomoen_ho/2016020500091/,423-3535,,140,Y‹x–¾,,7:00,19:00,,,Y,,,,2,0,0,0,0,0,5,4,0,0,0,0,,2016”N10Œ31“ú
˜aŒõ‚±‚Ç‚à‰€,˜aŒõ‚±‚Ç‚à‰€,,„—§,,N,Y,”F‰Â•ÛˆçŠ,•l¼s¼‹æ˜aŒõ’¬517,,34.786288,137.680538,http://www.hamamatsu-pippi.net/shiritai/kodomoen_yo/2016033000014/,486-0434,,170,Y‹x–¾,,7:00,19:00,,,Y,,,,0,0,0,0,0,0,5,0,0,1,0,0,,2016”N10Œ31“ú
“ü–ì‚±‚Ç‚à‰€,“ü–ì‚±‚Ç‚à‰€,,„—§,,N,Y,”F‰Â•ÛˆçŠ,•l¼s¼‹æ“ü–ì’¬10827-1,,34.695427,137.673917,http://www.hamamatsu-pippi.net/shiritai/kodomoen_yo/2016033000021/,448-1026,,120,Y‹x–¾,,7:00,18:30,,,Y,,,,0,0,0,0,0,0,4,2,2,0,0,0,,2016”N10Œ31“ú
‚³‚´‚ñ‚©‚±‚Ç‚à‰€,‚³‚´‚ñ‚©‚±‚Ç‚à‰€,,„—§,,N,Y,”F‰Â•ÛˆçŠ,•l¼s¼‹æÂŒ´’¬25654,,34.676315,137.658425,http://www.hamamatsu-pippi.net/shiritai/kodomoen_ho/2016020500121/,449-6116,,100,Y‹x–¾,,7:00,19:00,,,Y,,,,0,0,0,0,0,0,0,0,1,0,0,0,,2016”N10Œ31“ú
t“ú‚±‚Ç‚à‰€,t“ú‚±‚Ç‚à‰€,,„—§,,N,Y,”F‰Â•ÛˆçŠ,•l¼s¼‹æ”nŒS’¬2560,,34.683382,137.627555,http://www.hamamatsu-pippi.net/shiritai/kodomoen_yo/2016020500114/,592-1600,,50,‚UƒJŒ,,7:00,19:00,,,Y,,,,1,0,0,0,1,2,2,0,0,3,0,0,,2016”N10Œ31“ú
‚¸‚¾‚¶‚±‚Ç‚à‰€,‚¸‚¾‚¶‚±‚Ç‚à‰€,,„—§,,N,Y,”F‰Â•ÛˆçŠ,•l¼s“ì‹æ‰¶’n’¬291,,34.68665,137.761813,http://www.hamamatsu-pippi.net/shiritai/kodomoen_yo/2014021909998/,427-2332,,120,‚UƒJŒ,,7:00,19:00,,,Y,,,,1,0,0,0,0,0,3,3,1,0,4,0,,2016”N10Œ31“ú
‘¾—z‚±‚Ç‚à‰€,‘¾—z‚±‚Ç‚à‰€,,„—§,,N,Y,”F‰Â•ÛˆçŠ,•l¼s“ì‹æ”Ñ“c’¬1506,,34.707151,137.775328,http://www.hamamatsu-pippi.net/shiritai/kodomoen_yo/2016033000038/,426-1515,,150,Y‹x–¾,,7:00,19:00,,,Y,,,,0,0,0,0,0,2,2,2,1,1,0,0,,2016”N10Œ31“ú
‘¾—z‘æ“ñ‚±‚Ç‚à‰€,‘¾—z‘æ“ñ‚±‚Ç‚à‰€,,„—§,,N,Y,”F‰Â•ÛˆçŠ,•l¼s“ì‹æ”’‰H’¬1231,,34.67534,137.735407,http://www.hamamatsu-pippi.net/shiritai/kodomoen_yo/2016033000045/,441-0006,,100,Y‹x–¾,,7:00,19:00,,,Y,,,,0,0,1,0,0,0,0,3,0,0,0,0,,2016”N10Œ31“ú
•½˜a‚±‚Ç‚à‰€,•½˜a‚±‚Ç‚à‰€,,„—§,,N,Y,”F‰Â•ÛˆçŠ,•l¼s“ì‹æO“‡’¬1200,,34.68726,137.747542,http://www.hamamatsu-pippi.net/shiritai/kodomoen_yo/2016020500145/,443-1500,,170,‚UƒJŒ,,7:00,19:00,,,Y,,,,0,0,0,0,0,0,15,6,4,1,0,0,,2016”N10Œ31“ú
ƒNƒŠƒXƒgƒtƒ@[‚±‚Ç‚à‰€,ƒNƒŠƒXƒgƒtƒ@[‚±‚Ç‚à‰€,,„—§,,N,Y,”F‰Â•ÛˆçŠ,•l¼s–k‹æO•ûŒ´’¬2762,,34.787033,137.694495,http://www.hamamatsu-pippi.net/shiritai/kodomoen_yo/2014021910048/,430-1700,,90,Y‹x–¾,,7:00,19:00,,,Y,,,,0,0,0,0,0,0,0,2,1,1,0,0,,2016”N10Œ31“ú
¹—ê‚±‚Ç‚à‰€‚í‚©‚Î,¹—ê‚±‚Ç‚à‰€‚í‚©‚Î,,„—§,,N,Y,”F‰Â•ÛˆçŠ,•l¼s–k‹æªô’¬645-1,,34.793909,137.695167,http://www.hamamatsu-pippi.net/shiritai/kodomoen_ho/2014021908366/,437-0822,,150,Y‹x–¾,,7:00,19:00,,,Y,,,,0,0,0,0,0,0,3,4,2,0,0,0,,2016”N10Œ31“ú
¹—ê‚±‚Ç‚à‰€÷ƒ–‹u,¹—ê‚±‚Ç‚à‰€÷ƒ–‹u,,„—§,,N,Y,”F‰Â•ÛˆçŠ,•l¼s–k‹æ“s“c’¬8749-3,,34.811151,137.736715,http://www.hamamatsu-pippi.net/shiritai/kodomoen_ho/2014021908410/,428-2494,,190,Y‹x–¾,,7:00,19:00,,,Y,,,,0,0,0,0,0,0,3,5,2,2,0,0,,2016”N10Œ31“ú
‚È‚²‚İ‚±‚Ç‚à‰€,‚È‚²‚İ‚±‚Ç‚à‰€,,„—§,,N,Y,”F‰Â•ÛˆçŠ,•l¼s–k‹æO•ûŒ´’¬1367-1,,34.783287,137.711135,http://www.hamamatsu-pippi.net/shiritai/kodomoen_yo/2015032000025/,420-7530,,120,Y‹x–¾,,7:00,19:00,,,Y,,,,0,0,0,0,0,0,12,3,2,2,0,1,,2016”N10Œ31“ú
”F’è‚±‚Ç‚à‰€‚«‚¶‚Ì—¢,”F’è‚±‚Ç‚à‰€‚«‚¶‚Ì—¢,,„—§,,N,Y,”F‰Â•ÛˆçŠ,•l¼s•l–k‹æõ’n‘äŒÜ’š–Ú4-3,,34.791548,137.750154,http://www.hamamatsu-pippi.net/shiritai/kodomoen_ho/2014021908526/,585-3375,,140,Y‹x–¾,,7:00,19:00,,,Y,,,,0,0,0,0,0,0,7,3,2,0,0,0,,2016”N10Œ31“ú
‚ ‚»‚Ñ‚±‚Ç‚à‰€•l¼,‚ ‚»‚Ñ‚±‚Ç‚à‰€•l¼,,„—§,,N,Y,”F‰Â•ÛˆçŠ,•l¼s“Œ‹æ‰ºÎ“c’¬320,,34.74263,137.784079,,422-2525,,200,Y‹x–¾,,7:00,19:00,,,Y,,,,0,0,0,0,0,0,8,2,1,0,0,0,,2016”N10Œ31“ú
‚Í‚Ü‚Ü‚Â•Ûˆç‰€,‚Í‚Ü‚Ü‚Â•Ûˆç‰€i’‹ŠÔj,,„—§,,N,N,”F‰ÂŠO•ÛˆçŠ,•l¼s’†‹æ“c’¬231-14,,34.70896,137.73262,http://www.hamamatsu-pippi.net/shiritai/ninsho_one/2014021908571/,453-1717,,109i’‹ŠÔjA85i–éŠÔj,,,,,,,,,,,,,,,,,,,,,,,,
‚ç‚ñ‚ç‚ñ•Ûˆç‰€,‚ç‚ñ‚ç‚ñ•Ûˆç‰€,,„—§,,N,N,”F‰ÂŠO•ÛˆçŠ,•l¼s’†‹æ\Œ¬’¬684-7,,34.728083,137.747582,http://www.hamamatsu-pippi.net/shiritai/ninsho_one/2014021908588/,460-0708,,35,,,,,,,,,,,,,,,,,,,,,,,,
˜aŒhˆ¤ˆç‰€,˜aŒhˆ¤ˆç‰€,,„—§,,N,N,”F‰ÂŠO•ÛˆçŠ,•l¼s’†‹æ‚‹u¼O’š–Ú30-17,,34.760761,137.697199,http://www.hamamatsu-pippi.net/shiritai/ninsho_one/2014021908595/,439-7587,,36,,,,,,,,,,,,,,,,,,,,,,,,
ƒnƒŒƒ‹ƒ„ˆ¤™‰€,ƒnƒŒƒ‹ƒ„ˆ¤™‰€,,„—§,,N,N,”F‰ÂŠO•ÛˆçŠ,•l¼s’†‹æ‰Ôì’¬351,,34.778661,137.694537,http://www.hamamatsu-pippi.net/shiritai/ninsho_one/2014021908601/,436-1458,,54,,,,,,,,,,,,,,,,,,,,,,,,
ƒRƒhƒ‚ƒ_ƒP•Ûˆç‰€,ƒRƒhƒ‚ƒ_ƒP•Ûˆç‰€i’‹ŠÔj,,„—§,,N,N,”F‰ÂŠO•ÛˆçŠ,•l¼s’†‹æ“`”n’¬311-7@“`”n‘òƒrƒ‹2FE3FE4F,,34.705885,137.727909,http://www.hamamatsu-pippi.net/shiritai/ninsho_one/2014021908618/,459-3614,,35(’‹ŠÔjA35i–éŠÔj,,,,,,,,,,,,,,,,,,,,,,,,
ƒGƒ“ƒ[ƒ‹•Ûˆç‰€,ƒGƒ“ƒ[ƒ‹•Ûˆç‰€,,„—§,,N,N,”F‰ÂŠO•ÛˆçŠ,•l¼s’†‹æ‚‹u“ŒO’š–Ú44-3,,34.760979,137.718077,http://www.hamamatsu-pippi.net/shiritai/ninsho_one/2014021908625/,437-4108,,45,,,,,,,,,,,,,,,,,,,,,,,,
‚³‚­‚ç•Ûˆç‰€,‚³‚­‚ç•Ûˆç‰€,,„—§,,N,N,”F‰ÂŠO•ÛˆçŠ,•l¼s“Œ‹æ¬’r’¬2693@2F,,34.75392,137.763921,http://www.hamamatsu-pippi.net/shiritai/ninsho_one/2014021908632/,466-1555,,40,,,,,,,,,,,,,,,,,,,,,,,,
ˆÉ¶’n•Ûˆç‰€,ˆÉ¶’n•Ûˆç‰€,,„—§,,N,N,”F‰ÂŠO•ÛˆçŠ,•l¼s¼‹æˆÉ¶’n’¬2460-2,,34.742644,137.677257,http://www.hamamatsu-pippi.net/shiritai/ninsho_one/2014021908656/,485-0173,,43,,,,,,,,,,,,,,,,,,,,,,,,
‚Í‚È‚Ì‚±•Ûˆç‰€,‚Í‚È‚Ì‚±•Ûˆç‰€,,„—§,,N,N,”F‰ÂŠO•ÛˆçŠ,•l¼s•l–k‹æ“à–ì619-5,,34.785582,137.752076,http://www.hamamatsu-pippi.net/shiritai/ninsho_one/2014021908687/,586-3300,,147,,,,,,,,,,,,,,,,,,,,,,,,
‚ ‚¨‚¼‚ç•Ûˆç‰€,‚ ‚¨‚¼‚ç•Ûˆç‰€,,„—§,,N,N,”F‰ÂŠO•ÛˆçŠ,•l¼s’†‹æ¬“¤–İO’š–Ú29-10,,34.756838,137.729243,http://www.hamamatsu-pippi.net/shiritai/ninsho_two/2014021908694/,420-8281,,45,,,,,,,,,,,,,,,,,,,,,,,,
‚¿‚Ñ‚Á‚±ƒnƒEƒX‚ ‚­‚è,‚¿‚Ñ‚Á‚±ƒnƒEƒX‚ ‚­‚è,,„—§,,N,N,”F‰ÂŠO•ÛˆçŠ,•l¼s’†‹æŠC˜V’Ë’¬2-8,,34.701413,137.730015,http://www.hamamatsu-pippi.net/shiritai/ninsho_two/2014021908700/,413-5888,,19,,,,,,,,,,,,,,,,,,,,,,,,
‚Í‚®‚İ‚È•Ûˆç‰€,‚Í‚®‚İ‚È•Ûˆç‰€,,„—§,,N,N,”F‰ÂŠO•ÛˆçŠ,•l¼s’†‹æˆ¨¼˜Z’š–Ú6-24,,34.770243,137.702979,http://www.hamamatsu-pippi.net/shiritai/ninsho_two/2014060300022/,570-3583,,19,,,,,,,,,,,,,,,,,,,,,,,,
ƒIƒvƒlƒbƒg•Ûˆç‰€@•l¼‰€,ƒIƒvƒlƒbƒg•Ûˆç‰€@•l¼‰€,,„—§,,N,N,”F‰ÂŠO•ÛˆçŠ,•l¼s“Œ‹æ—L‹Ê“ì’¬1986]1,,34.748109,137.747434,http://www.hamamatsu-pippi.net/shiritai/ninsho_two/2014021908861/,479-8686,,19,,,,,,,,,,,,,,,,,,,,,,,,
‰Æ’ë•Ûˆç‰€ƒ}ƒ~[,‰Æ’ë•Ûˆç‰€ƒ}ƒ~[,,„—§,,N,N,”F‰ÂŠO•ÛˆçŠ,•l¼s–k‹æ“s“c’¬7041,,34.822648,137.709926,http://www.hamamatsu-pippi.net/shiritai/ninsho_two/2014021908793/,428-0086,,16,,,,,,,,,,,,,,,,,,,,,,,,
‚Í‚Ü‚«‚½•Ûˆç‰€,‚Í‚Ü‚«‚½•Ûˆç‰€,,„—§,,N,N,”F‰ÂŠO•ÛˆçŠ,•l¼s•l–k‹æ‚”¨109-1,,34.788557,137.799921,http://www.hamamatsu-pippi.net/shiritai/ninsho_two/2014021908823/,586-7432,,38,,,,,,,,,,,,,,,,,,,,,,,,
ƒtƒŒƒ“ƒY•Ûˆç‰€,ƒtƒŒƒ“ƒY•Ûˆç‰€,,„—§,,N,N,”F‰ÂŠO•ÛˆçŠ,•l¼s•l–k‹æ‰¡{‰ê1012-2,,34.789681,137.788453,http://www.hamamatsu-pippi.net/shiritai/ninsho_two/2014021908830/,585-6750,,30,,,,,,,,,,,,,,,,,,,,,,,,
˜a÷•Ûˆç‰€,˜a÷•Ûˆç‰€,,„—§,,N,N,”F‰ÂŠO•ÛˆçŠ,•l¼s“V—³‹æÂ’J2018-3,,34.864638,137.780179,http://www.hamamatsu-pippi.net/shiritai/ninsho_two/2014021908885/,925-3456,,28,,,,,,,,,,,,,,,,,,,,,,,,
ã“‡ƒLƒbƒYƒXƒNƒGƒA,ã“‡ƒLƒbƒYƒXƒNƒGƒA,,„—§,,N,N,”F‰ÂŠO•ÛˆçŠ,•l¼s’†‹æã“‡O’š–Ú1-3,,34.738171,137.743971,http://www.hamamatsu-pippi.net/shiritai/sonota/2014021908847/,488-5445,,10,,,,,,,,,,,,,,,,,,,,,,,,
‚¿‚Ñ‚Á‚±ƒ‰ƒ“ƒh@‚©‚à‚¦‰€,‚¿‚Ñ‚Á‚±ƒ‰ƒ“ƒh@‚©‚à‚¦‰€,,„—§,,N,N,”F‰ÂŠO•ÛˆçŠ,•l¼s’†‹æŠ›]4-10-1‚r‚xƒrƒ‹1ŠK“Œ,,34.704446,137.718016,http://www.hamamatsu-pippi.net/shiritai/sonota/2014120500010/,251-0220,,24,,,,,,,,,,,,,,,,,,,,,,,,
‘õ™ƒ‹[ƒ€@ƒGƒ~[ƒ‹,‘õ™ƒ‹[ƒ€@ƒGƒ~[ƒ‹,,„—§,,N,N,”F‰ÂŠO•ÛˆçŠ,•l¼s’†‹æçÎ’¬102@ƒNƒ‰ƒVƒLƒrƒ‹2ŠK,,34.704194,137.730979,http://www.hamamatsu-pippi.net/shiritai/sonota/2015012300091/,214-2711,,20,,,,,,,,,,,,,,,,,,,,,,,,
‚İ‚İE‚ ‚ñ‚Ó‚Ÿ‚ñ,‚İ‚İE‚ ‚ñ‚Ó‚Ÿ‚ñ,,„—§,,N,N,”F‰ÂŠO•ÛˆçŠ,•l¼s’†‹æZ‹g“ñ’š–Ú32-3,,34.730913,137.724094,http://www.hamamatsu-pippi.net/shiritai/sonota/2015111200070/,214-5730,,50,,,,,,,,,,,,,,,,,,,,,,,,
‘õ™Š‚é‚ê‚¢‚é[‚Ş,‘õ™Š‚é‚ê‚¢‚é[‚Ş,,„—§,,N,N,”F‰ÂŠO•ÛˆçŠ,•l¼s’†‹æ–k›“‡’¬211-8,,34.703835,137.741256,http://www.hamamatsu-pippi.net/shiritai/sonota/2016031400076/,292-8349,,16,,,,,,,,,,,,,,,,,,,,,,,,
‘æ2‚Â‚Î‚ß•Ûˆç‰€,‘æ2‚Â‚Î‚ß•Ûˆç‰€,,„—§,,N,N,”F‰ÂŠO•ÛˆçŠ,•l¼s“Œ‹æ—L‹Ê¼’¬2197-2,,34.752458,137.735907,http://www.hamamatsu-pippi.net/shiritai/sonota/2016052800022/,295-3349,,8,,,,,,,,,,,,,,,,,,,,,,,,
‚¢‚è‚Ì‚Ì‹uB•l¼—c’tÉ,‚¢‚è‚Ì‚Ì‹uB•l¼—c’tÉ,,„—§,,N,N,”F‰ÂŠO•ÛˆçŠ,•l¼s¼‹æ“ü–ì’¬16104-1,,34.701232,137.668742,http://www.hamamatsu-pippi.net/shiritai/sonota/2016052800039/,306-6288,,10,,,,,,,,,,,,,,,,,,,,,,,,
ƒNƒŒƒbƒVƒF@ƒ}ƒ^[ƒiƒ‹@ƒŒƒCƒm@ƒf@ƒAƒŒƒOƒŠƒA,ƒNƒŒƒbƒVƒF@ƒ}ƒ^[ƒiƒ‹@ƒŒƒCƒm@ƒf@ƒAƒŒƒOƒŠƒA,,„—§,,N,N,”F‰ÂŠO•ÛˆçŠ,•l¼s’†‹æKˆê’š–Ú12-15,,34.740726,137.724405,http://www.hamamatsu-pippi.net/shiritai/gaikoku/2014021908892/,261-8349,,20,,,,,,,,,,,,,,,,,,,,,,,,
ƒs[ƒƒ“ƒeƒB[ƒi@ƒLƒbƒY,ƒs[ƒƒ“ƒeƒB[ƒi@ƒLƒbƒY,,„—§,,N,N,”F‰ÂŠO•ÛˆçŠ,•l¼s’†‹æ—Ì‰Æ“ñ’š–Ú2-6,,34.698195,137.750155,http://www.hamamatsu-pippi.net/shiritai/gaikoku/2015112500018/,202-3888,,63,,,,,,,,,,,,,,,,,,,,,,,,
ƒGƒXƒRƒ‰@ƒAƒŒƒOƒŠƒA@ƒf@ƒTƒx[ƒ‹,ƒGƒXƒRƒ‰@ƒAƒŒƒOƒŠƒA@ƒf@ƒTƒx[ƒ‹,,„—§,,N,N,”F‰ÂŠO•ÛˆçŠ,•l¼s“Œ‹æ“V‰¤’¬673-1,,34.739163,137.773227,http://www.hamamatsu-pippi.net/shiritai/gaikoku/2014021908915/,227-5155,,15,,,,,,,,,,,,,,,,,,,,,,,,
ƒ€ƒ“ƒh ƒf ƒAƒŒƒOƒŠƒA,ƒ€ƒ“ƒh ƒf ƒAƒŒƒOƒŠƒA,,„—§,,N,N,”F‰ÂŠO•ÛˆçŠ,•l¼s¼‹æ—Y“¥’¬‰F•zŒ©9611-1,,34.694351,137.630699,http://www.hamamatsu-pippi.net/shiritai/gaikoku/2014021908922/,202-2562,,65,,,,,,,,,,,,,,,,,,,,,,,,
ƒNƒŒƒbƒVƒF@ƒ‰ƒsƒX@ƒf@ƒRƒ‹,ƒNƒŒƒbƒVƒF@ƒ‰ƒsƒX@ƒf@ƒRƒ‹,,„—§,,N,N,”F‰ÂŠO•ÛˆçŠ,•l¼s“ì‹æÎŒ´’¬611,,34.691905,137.770356,http://www.hamamatsu-pippi.net/shiritai/gaikoku/2014021908939/,227-0007,,138,,,,,,,,,,,,,,,,,,,,,,,,
–{“c‹ZŒ¤ˆê•Ûˆçº,–{“c‹ZŒ¤ˆê•Ûˆçº,,„—§,,Y,N,”F‰ÂŠO•ÛˆçŠ,•l¼s’†‹æˆ¨“Œˆê’š–Ú13-1,,34.752816,137.72046,,244-8839,,21,,,,,,,,,,,,,,,,,,,,,,,,
ƒVƒ“ƒGƒCƒ‰ƒ“ƒh,ƒVƒ“ƒGƒCƒ‰ƒ“ƒh,,„—§,,Y,N,”F‰ÂŠO•ÛˆçŠ,•l¼s’†‹æò“ñ’š–Ú31-10,,34.744262,137.719758,,276-8451,,80,,,,,,,,,,,,,,,,,,,,,,,,
ƒ|[ƒ‰‚ä‚¸‚è—t•Ûˆç‰€,ƒ|[ƒ‰‚ä‚¸‚è—t•Ûˆç‰€,,„—§,,Y,N,”F‰ÂŠO•ÛˆçŠ,•l¼s’†‹æKˆê’š–Ú15-12,,34.742076,137.724955,,286-7755,,20,,,,,,,,,,,,,,,,,,,,,,,,
‚±‚±‚ë•Ûˆç‰€,‚±‚±‚ë•Ûˆç‰€,,„—§,,Y,N,”F‰ÂŠO•ÛˆçŠ,•l¼s’†‹æKl’š–Ú36-1,,34.745956,137.732151,,273-8866,,12,,,,,,,,,,,,,,,,,,,,,,,,
•l—FŠÏŒõiŠ”jĞ‘î“à‘õ™º,•l—FŠÏŒõiŠ”jĞ‘î“à‘õ™º,,„—§,,Y,N,”F‰ÂŠO•ÛˆçŠ,•l¼s“Œ‹æ’†“c’¬89@ƒEƒBƒ‹ƒR[ƒg102†,,34.732499,137.755904,,308-9552,,25,,,,,,,,,,,,,,,,,,,,,,,,
‚±‚è‚·•Ûˆç‰€,‚±‚è‚·•Ûˆç‰€,,„—§,,Y,N,”F‰ÂŠO•ÛˆçŠ,•l¼s¼‹æ¼R’¬518-6,,34.737025,137.689075,,310-3577,,20,,,,,,,,,,,,,,,,,,,,,,,,
‚±‚±‹äŠy•”,‚±‚±‹äŠy•”,,„—§,,Y,N,”F‰ÂŠO•ÛˆçŠ,•l¼s“ì‹æ‰¶’n’¬263,,34.689538,137.762429,,301-2877,,6,,,,,,,,,,,,,,,,,,,,,,,,
‚¨‚â‚Ü‚Ì•Ûˆç‰€,‚¨‚â‚Ü‚Ì•Ûˆç‰€,,„—§,,Y,N,”F‰ÂŠO•ÛˆçŠ,•l¼s“V—³‹æ“nƒP“‡180-3,,34.857811,137.795672,,250-4150,,20,,,,,,,,,,,,,,,,,,,,,,,,
–îè‚¨‚Ğ‚³‚Ü•Ûˆç‰€,–îè‚¨‚Ğ‚³‚Ü•Ûˆç‰€,,„—§,,Y,N,”F‰ÂŠO•ÛˆçŠ,•l¼s“V—³‹æ“ñ–“’¬“ì­“‡23,,34.842231,137.806725,,275-7827,,24,,,,,,,,,,,,,,,,,,,,,,,,
‰“B•a‰@‚ ‚¨‚¼‚ç•Ûˆç‰€,‰“B•a‰@‚ ‚¨‚¼‚ç•Ûˆç‰€,,„—§,,N,N,”F‰ÂŠO•ÛˆçŠ,•l¼s’†‹æ’†‰›ˆê’š–Ú1-1,,34.712551,137.734753,,213-2373,,24,,,,,,,,,,,,,,,,,,,,,,,,
•l¼ˆã—ÃƒZƒ“ƒ^[”F‰ÂŠO•Ûˆç{İ,•l¼ˆã—ÃƒZƒ“ƒ^[”F‰ÂŠO•Ûˆç{İ,,„—§,,N,N,”F‰ÂŠO•ÛˆçŠ,•l¼s’†‹æ•x’Ë’¬328,,34.716145,137.701436,,216-2220,,11,,,,,,,,,,,,,,,,,,,,,,,,
i—LjƒƒfƒBƒJƒ‹ƒAƒCƒJƒCƒtƒ‰ƒ[•Ûˆç‰€,i—LjƒƒfƒBƒJƒ‹ƒAƒCƒJƒCƒtƒ‰ƒ[•Ûˆç‰€,,„—§,,N,N,”F‰ÂŠO•ÛˆçŠ,•l¼s’†‹æ•M’¬27-36,,34.723861,137.736233,,441-4772,,10,,,,,,,,,,,,,,,,,,,,,,,,
•l¼–k•a‰@‚«‚µ‚á‚Û‚Á‚Û•Ûˆç‰€,•l¼–k•a‰@‚«‚µ‚á‚Û‚Á‚Û•Ûˆç‰€,,„—§,,N,N,”F‰ÂŠO•ÛˆçŠ,•l¼s“Œ‹æ‘å£’¬1567-2,,34.762855,137.772092,,204-2366,,29,,,,,,,,,,,,,,,,,,,,,,,,
•l¼˜JĞ•a‰@ƒ^ƒ“ƒ|ƒ|•ÛˆçŠ,•l¼˜JĞ•a‰@ƒ^ƒ“ƒ|ƒ|•ÛˆçŠ,,„—§,,N,N,”F‰ÂŠO•ÛˆçŠ,•l¼s“Œ‹æ«ŠÄ’¬25@K-102,,34.716715,137.75571,,251-3449,,20,,,,,,,,,,,,,,,,,,,,,,,,
ˆã‘å•ÛˆçŠ‚«‚ç‚è,ˆã‘å•ÛˆçŠ‚«‚ç‚è,,„—§,,N,N,”F‰ÂŠO•ÛˆçŠ,•l¼s“Œ‹æ”¼“cRˆê’š–Ú20-1,,34.770587,137.743291,,216-3957,,42,,,,,,,,,,,,,,,,,,,,,,,,
ƒsƒ…ƒAƒŒƒfƒB[ƒXƒNƒŠƒjƒbƒN,ƒsƒ…ƒAƒŒƒfƒB[ƒXƒNƒŠƒjƒbƒN,,„—§,,N,N,”F‰ÂŠO•ÛˆçŠ,•l¼s¼‹æu“s˜C’¬4992-1,,34.702267,137.657246,,233-8622,,8,,,,,,,,,,,,,,,,,,,,,,,,
•l¼“ì•a‰@‚É‚±‚É‚±•Ûˆç‰€,•l¼“ì•a‰@‚É‚±‚É‚±•Ûˆç‰€,,„—§,,N,N,”F‰ÂŠO•ÛˆçŠ,•l¼s“ì‹æ”’‰H’¬26,,34.684441,137.739223,,232-6090,,8,,,,,,,,,,,,,,,,,,,,,,,,
‚Í‚Ü‚È‚±ƒLƒbƒY,‚Í‚Ü‚È‚±ƒLƒbƒY,,„—§,,N,N,”F‰ÂŠO•ÛˆçŠ,•l¼s–k‹æOƒ–“ú’¬“s’}1162-44,,34.794331,137.584818,,236-3624,,20,,,,,,,,,,,,,,,,,,,,,,,,
¹—êO•ûŒ´•a‰@‚³‚­‚ç•Ûˆç‰€,¹—êO•ûŒ´•a‰@‚³‚­‚ç•Ûˆç‰€,,„—§,,N,N,”F‰ÂŠO•ÛˆçŠ,•l¼s–k‹æ×]’¬’†ì7220-14,,34.791451,137.69219,,231-1846,,10,,,,,,,,,,,,,,,,,,,,,,,,
‚Æ‚æ‚¨‚©ƒLƒbƒY,‚Æ‚æ‚¨‚©ƒLƒbƒY,,„—§,,N,N,”F‰ÂŠO•ÛˆçŠ,•l¼s–k‹æ–L‰ª’¬110,,34.78879,137.736186,,295-5823,,33,,,,,,,,,,,,,,,,,,,,,,,,
•l¼Ô\š•a‰@‚Â‚­‚µ•Ûˆç‰€,•l¼Ô\š•a‰@‚Â‚­‚µ•Ûˆç‰€,,„—§,,N,N,”F‰ÂŠO•ÛˆçŠ,•l¼s•l–k‹æ¬—Ñ1088-1,,34.805985,137.789225,,300-1943,,35,,,,,,,,,,,,,,,,,,,,,,,,
“V—³•a‰@Š‘®Š‚Ğ‚Ü‚í‚è•Ûˆç‰€,“V—³•a‰@Š‘®Š‚Ğ‚Ü‚í‚è•Ûˆç‰€,,„—§,,N,N,”F‰ÂŠO•ÛˆçŠ,•l¼s•l–k‹æ‰—˜C4201-2,,34.854365,137.798783,,309-8677,,35,,,,,,,,,,,,,,,,,,,,,,,,
•l–k‚³‚­‚ç‘ä•a‰@‰@“à•ÛˆçŠ,•l–k‚³‚­‚ç‘ä•a‰@‰@“à•ÛˆçŠ,,„—§,,N,N,”F‰ÂŠO•ÛˆçŠ,•l¼s•l–k‹æl‘å’n9-68,,34.838046,137.759496,,292-6014,,4,,,,,,,,,,,,,,,,,,,,,,,,
SBSƒ}ƒCƒz[ƒ€ƒZƒ“ƒ^[@•l¼“W¦ê,SBSƒ}ƒCƒz[ƒ€ƒZƒ“ƒ^[@•l¼“W¦ê,,„—§,,N,N,”F‰ÂŠO•ÛˆçŠ,•l¼s“ì‹æÂ‰®’¬400,,34.716389,137.781027,,279-3400,,6,,,,,,,,,,,,,,,,,,,,,,,,
“ì‚Ì¯—c’t‰€,“ì‚Ì¯—c’t‰€,•l¼s,Œö—§,,,,—c’t‰€,•l¼s“ì‹æ¼“‡’¬1148-1,,34.662548,137.768731,http://www.hamamatsu-pippi.net/shiritai/you_koritsu/2014021909110/,425-2836,,105,,,8:30,14:00,,,N,,,,,,,,,,,,,,,,,
˜a“c—c’t‰€,˜a“c—c’t‰€,•l¼s,Œö—§,,,,—c’t‰€,•l¼s“Œ‹æ–òt’¬291,,34.725416,137.783205,http://www.hamamatsu-pippi.net/shiritai/you_koritsu/2014021908953/,421-2942,,105,,,8:30,14:00,,,N,,,,,,,,,,,,,,,,,
—^i—c’t‰€,—^i—c’t‰€,•l¼s,Œö—§,,,,—c’t‰€,•l¼s“Œ‹æs–ì’¬2404-1,,34.741713,137.770633,http://www.hamamatsu-pippi.net/shiritai/you_koritsu/2014021908960/,421-1442,,210,,,8:30,14:00,,,N,,,,,,,,,,,,,,,,,
–L¼—c’t‰€,–L¼—c’t‰€,•l¼s,Œö—§,,,,—c’t‰€,•l¼s“Œ‹æ–L¼’¬1551,,34.767292,137.804233,http://www.hamamatsu-pippi.net/shiritai/you_koritsu/2014021908977/,434-1259,,105,,,7:30,18:30,,,Y,,,,,,,,,,,,,,,,,
Š}ˆä—c’t‰€,Š}ˆä—c’t‰€,•l¼s,Œö—§,,,,—c’t‰€,•l¼s“Œ‹æŠ}ˆä’¬478-1,,34.770805,137.795198,http://www.hamamatsu-pippi.net/shiritai/you_koritsu/2014021908984/,434-1205,,105,,,8:30,14:00,,,N,,,,,,,,,,,,,,,,,
’†ƒm’¬—c’t‰€,’†ƒm’¬—c’t‰€,•l¼s,Œö—§,,,,—c’t‰€,•l¼s“Œ‹æ’†–ì’¬427-1,,34.729263,137.793528,http://www.hamamatsu-pippi.net/shiritai/you_koritsu/2014021908991/,421-3873,,105,,,8:30,14:00,,,N,,,,,,,,,,,,,,,,,
–Fì—c’t‰€,–Fì—c’t‰€,•l¼s,Œö—§,,,,—c’t‰€,•l¼s“ì‹æ–Fì’¬190,,34.693024,137.765326,http://www.hamamatsu-pippi.net/shiritai/you_koritsu/2014021909127/,461-5642,,105,,,8:20,14:00,,,N,,,,,,,,,,,,,,,,,
‰Ôì—c’t‰€,‰Ôì—c’t‰€,•l¼s,Œö—§,,,,—c’t‰€,•l¼s’†‹æ‰Ôì’¬1908-1,,34.774167,137.687319,http://www.hamamatsu-pippi.net/shiritai/you_koritsu/2014021908946/,436-1209,,105,,,8:30,14:00,,,N,,,,,,,,,,,,,,,,,
–L‰ª—c’t‰€,–L‰ª—c’t‰€,•l¼s,Œö—§,,,,—c’t‰€,•l¼s–k‹æ–L‰ª’¬22,,34.786989,137.71942,http://www.hamamatsu-pippi.net/shiritai/you_koritsu/2014021909165/,436-2155,,210,,,8:15,14:00,,,N,,,,,,,,,,,,,,,,,
O•ûŒ´—c’t‰€,O•ûŒ´—c’t‰€,•l¼s,Œö—§,,,,—c’t‰€,•l¼s–k‹æO•ûŒ´’¬284-7,,34.774566,137.710838,http://www.hamamatsu-pippi.net/shiritai/you_koritsu/2014021909172/,436-2516,,105,,,8:30,14:00,,,N,,,,,,,,,,,,,,,,,
‰¶—c’t‰€,‰¶—c’t‰€,•l¼s,Œö—§,,,,—c’t‰€,•l¼s–k‹æ‰¶’¬991,,34.76882,137.725979,http://www.hamamatsu-pippi.net/shiritai/you_koritsu/2014021909189/,436-2106,,105,,,8:30,14:00,,,N,,,,,,,,,,,,,,,,,
”’˜e—c’t‰€,”’˜e—c’t‰€,•l¼s,Œö—§,,,,—c’t‰€,•l¼s“ì‹æ›˜e’¬230,,34.681886,137.742681,http://www.hamamatsu-pippi.net/shiritai/you_koritsu/2014021909134/,441-0531,,105,,,7:30,18:30,,,Y,,,,,,,,,,,,,,,,,
”Ñ“c—c’t‰€,”Ñ“c—c’t‰€,•l¼s,Œö—§,,,,—c’t‰€,•l¼s“ì‹æ”Ñ“c’¬1014,,34.703665,137.773273,http://www.hamamatsu-pippi.net/shiritai/you_koritsu/2014021909141/,461-9555,,105,,,8:30,14:00,,,N,,,,,,,,,,,,,,,,,
_‹v˜C—c’t‰€,_‹v˜C—c’t‰€,•l¼s,Œö—§,,,,—c’t‰€,•l¼s¼‹æ_ƒP’J’¬7888,,34.726962,137.67068,http://www.hamamatsu-pippi.net/shiritai/you_koritsu/2014021909035/,485-8548,,105,,,8:30,14:00,,,N,,,,,,,,,,,,,,,,,
–œÍ—c’t‰€,–œÍ—c’t‰€,•l¼s,Œö—§,,,,—c’t‰€,•l¼s“Œ‹æ’†ŒS’¬895,,34.768355,137.773603,http://www.hamamatsu-pippi.net/shiritai/you_koritsu/2014021909004/,434-0049,,210,,,8:30,14:00,,,N,,,,,,,,,,,,,,,,,
—L‹Ê—c’t‰€,—L‹Ê—c’t‰€,•l¼s,Œö—§,,,,—c’t‰€,•l¼s“Œ‹æ—L‹Ê“ì’¬585,,34.755805,137.751011,http://www.hamamatsu-pippi.net/shiritai/you_koritsu/2014021909011/,434-0263,,175,,,8:30,14:00,,,N,,,,,,,,,,,,,,,,,
‹´’Ü—c’t‰€,‹´’Ü—c’t‰€,•l¼s,Œö—§,,,,—c’t‰€,•l¼s“Œ‹æ¼ƒPè’¬1067,,34.773626,137.767503,http://www.hamamatsu-pippi.net/shiritai/you_koritsu/2014021909028/,434-0329,,210,,,7:30,18:30,,,Y,,,,,,,,,,,,,,,,,
ˆÉ²Œ©—c’t‰€,ˆÉ²Œ©—c’t‰€,•l¼s,Œö—§,,,,—c’t‰€,•l¼s¼‹æˆÉ¶’n’¬5,,34.744187,137.655717,http://www.hamamatsu-pippi.net/shiritai/you_koritsu/2014021909042/,486-0076,,105,,,8:30,14:00,,,N,,,,,,,,,,,,,,,,,
˜a’n—c’t‰€,˜a’n—c’t‰€,•l¼s,Œö—§,,,,—c’t‰€,•l¼s¼‹æ˜a’n’¬1833-2,,34.763579,137.653292,http://www.hamamatsu-pippi.net/shiritai/you_koritsu/2014021909066/,486-0056,,105,,,8:20,14:00,,,N,,,,,,,,,,,,,,,,,
–k¯“à—c’t‰€,–k¯“à—c’t‰€,•l¼s,Œö—§,,,,—c’t‰€,•l¼s¼‹æŠÚR›’¬110-6,,34.761259,137.627383,http://www.hamamatsu-pippi.net/shiritai/you_koritsu/2014021909073/,487-0553,,105,,,8:30,14:00,,,N,,,,,,,,,,,,,,,,,
‘º‹ù—c’t‰€,‘º‹ù—c’t‰€,•l¼s,Œö—§,,,,—c’t‰€,•l¼s¼‹æ‘º‹ù’¬3195,,34.726245,137.591503,http://www.hamamatsu-pippi.net/shiritai/you_koritsu/2014021909080/,489-2250,,105,,,8:30,14:00,,,N,,,,,,,,,,,,,,,,,
‰Â”ü—c’t‰€,‰Â”ü—c’t‰€,•l¼s,Œö—§,,,,—c’t‰€,•l¼s“ì‹æ‘Šy’¬1199,,34.689373,137.69426,http://www.hamamatsu-pippi.net/shiritai/you_koritsu/2014021909158/,447-0321,,210,,,7:30,18:30,,,Y,,,,,,,,,,,,,,,,,
•‘ã—c’t‰€,•‘ã—c’t‰€,•l¼s,Œö—§,,,,—c’t‰€,•l¼s¼‹æ•‘ã’¬•‘ã2668-33,,34.679995,137.610363,http://www.hamamatsu-pippi.net/shiritai/you_koritsu/2014021909103/,592-7600,,210,,,8:50,17:00,,,Y,,,,,,,,,,,,,,,,,
—Y“¥—c’t‰€,—Y“¥—c’t‰€,•l¼s,Œö—§,,,,—c’t‰€,•l¼s¼‹æ—Y“¥’¬‰F•zŒ©7406,,34.706891,137.631316,http://www.hamamatsu-pippi.net/shiritai/you_koritsu/2014021909097/,592-3000,,420,,,9:00,17:30,,,Y,,,,,,,,,,,,,,,,,
¬¼—c’t‰€,¬¼—c’t‰€,•l¼s,Œö—§,,,,—c’t‰€,•l¼s•l–k‹æ¬¼2400,,34.788794,137.77183,http://www.hamamatsu-pippi.net/shiritai/you_koritsu/2014021909325/,586-2002,,175,,,8:50,14:30,,,N,,,,,,,,,,,,,,,,,
•½Œû—c’t‰€,•½Œû—c’t‰€,•l¼s,Œö—§,,,,—c’t‰€,•l¼s•l–k‹æ•½Œû2583,,34.793857,137.767285,http://www.hamamatsu-pippi.net/shiritai/you_koritsu/2014021909332/,586-2463,,105,,,8:50,14:30,,,N,,,,,,,,,,,,,,,,,
–k•l“ì—c’t‰€,–k•l“ì—c’t‰€,•l¼s,Œö—§,,,,—c’t‰€,•l¼s•l–k‹æ›“‡2436-3,,34.780446,137.793259,http://www.hamamatsu-pippi.net/shiritai/you_koritsu/2014021909356/,586-2993,,210,,,8:50,14:30,,,N,,,,,,,,,,,,,,,,,
–k•l’†‰›—c’t‰€,–k•l’†‰›—c’t‰€,•l¼s,Œö—§,,,,—c’t‰€,•l¼s•l–k‹æ¼”ü‰’1624-1,,34.801142,137.799187,http://www.hamamatsu-pippi.net/shiritai/you_koritsu/2014021909363/,586-2992,,210,,,8:50,14:30,,,N,,,,,,,,,,,,,,,,,
–k•l–k—c’t‰€,–k•l–k—c’t‰€,•l¼s,Œö—§,,,,—c’t‰€,•l¼s•l–k‹æ¬—Ñ1522-2,,34.810376,137.791713,http://www.hamamatsu-pippi.net/shiritai/you_koritsu/2014021909370/,586-2092,,105,,,8:50,14:30,,,N,,,,,,,,,,,,,,,,,
–k•l“Œ—c’t‰€,–k•l“Œ—c’t‰€,•l¼s,Œö—§,,,,—c’t‰€,•l¼s•l–k‹æ‘P’n1546,,34.791829,137.81005,http://www.hamamatsu-pippi.net/shiritai/you_koritsu/2014021909387/,586-2001,,105,,,8:50,14:30,,,N,,,,,,,,,,,,,,,,,
’†£—c’t‰€,’†£—c’t‰€,•l¼s,Œö—§,,,,—c’t‰€,•l–k‹æ’†£3531,,34.824861,137.81205,http://www.hamamatsu-pippi.net/shiritai/you_koritsu/2014021909394/,588-7375,,245,,,7:30,18:30,,,Y,,,,,,,,,,,,,,,,,
ã“‡—c’t‰€,ã“‡—c’t‰€,•l¼s,Œö—§,,,,—c’t‰€,•l¼s•l–k‹æã“‡217,,34.847247,137.817143,http://www.hamamatsu-pippi.net/shiritai/you_koritsu/2014021909400/,583-2709,,105,,,8:50,14:30,,,N,,,,,,,,,,,,,,,,,
Ô²—c’t‰€,Ô²—c’t‰€,•l¼s,Œö—§,,,,—c’t‰€,•l¼s•l–k‹æ‰—˜C3524-68,,34.840342,137.801011,http://www.hamamatsu-pippi.net/shiritai/you_koritsu/2014021909417/,588-7591,,105,,,7:30,18:30,,,Y,,,,,,,,,,,,,,,,,
Ô²¼—c’t‰€,Ô²¼—c’t‰€,•l¼s,Œö—§,,,,—c’t‰€,•l¼s•l–k‹æ‰—˜C2235,,34.831701,137.79219,http://www.hamamatsu-pippi.net/shiritai/you_koritsu/2014021909424/,588-1013,,210,,,8:50,14:30,,,N,,,,,,,,,,,,,,,,,
‹{Œû—c’t‰€,‹{Œû—c’t‰€,•l¼s,Œö—§,,,,—c’t‰€,•l¼s•l–k‹æ‹{Œû1526-1,,34.824593,137.771101,http://www.hamamatsu-pippi.net/shiritai/you_koritsu/2014021909431/,589-8552,,210,,,8:50,14:30,,,N,,,,,,,,,,,,,,,,,
VŒ´—c’t‰€,VŒ´—c’t‰€,•l¼s,Œö—§,,,,—c’t‰€,•l¼s•l–k‹æVŒ´2315,,34.817033,137.781625,http://www.hamamatsu-pippi.net/shiritai/you_koritsu/2014021909448/,589-8413,,210,,,8:50,14:30,,,N,,,,,,,,,,,,,,,,,
“ñ–“—c’t‰€,“ñ–“—c’t‰€,•l¼s,Œö—§,,,,—c’t‰€,•l¼s“V—³‹æ“ñ–“’¬“ñ–“158-2,,34.865864,137.821217,http://www.hamamatsu-pippi.net/shiritai/you_koritsu/2014021909455/,925-2077,,210,,,8:45,14:00,,,N,,,,,,,,,,,,,,,,,
Œõ–¾—c’t‰€,Œõ–¾—c’t‰€,•l¼s,Œö—§,,,,—c’t‰€,•l¼s“V—³‹æR“Œ2314,,34.879673,137.829358,http://www.hamamatsu-pippi.net/shiritai/you_koritsu/2014021909462/,925-2514,,210,,,8:50,14:00,,,N,,,,,,,,,,,,,,,,,
‹¾R—c’t‰€,‹¾R—c’t‰€,•l¼s,Œö—§,,,,—c’t‰€,•l¼s“V—³‹æ‘ü—ˆ97-3,,34.893574,137.85937,http://www.hamamatsu-pippi.net/shiritai/you_koritsu/2014021909479/,924-0224,,60,,,9:00,14:00,,,N,,,,,,,,,,,,,,,,,
—³ì—c’t‰€,—³ì—c’t‰€,•l¼s,Œö—§,,,,—c’t‰€,•l¼s“V—³‹æ‰¡R’¬547,,34.942746,137.817575,http://www.hamamatsu-pippi.net/shiritai/you_koritsu/2014021909486/,923-0735,,60,,,8:50,14:00,,,N,,,,,,,,,,,,,,,,,
ŒF—c’t‰€,ŒF—c’t‰€,•l¼s,Œö—§,,,,—c’t‰€,•l¼s“V—³‹æŒF2153,,34.95961,137.732981,http://www.hamamatsu-pippi.net/shiritai/you_koritsu/2014021909493/,929-0151,,60,,,8:30,14:00,,,N,,,,,,,,,,,,,,,,,
ãˆ¢‘½ŒÃ—c’t‰€,ãˆ¢‘½ŒÃ—c’t‰€,•l¼s,Œö—§,,,,—c’t‰€,•l¼s“V—³‹æ¼“¡•½1266-1,,34.911887,137.763814,http://www.hamamatsu-pippi.net/shiritai/you_koritsu/2014021909509/,928-0030,,60,,,8:50,14:00,,,N,,,,,,,,,,,,,,,,,
‰ºˆ¢‘½ŒÃ—c’t‰€,‰ºˆ¢‘½ŒÃ—c’t‰€,•l¼s,Œö—§,,,,—c’t‰€,•l¼s“V—³‹æ—¼“‡762,,34.882958,137.79197,http://www.hamamatsu-pippi.net/shiritai/you_koritsu/2014021909516/,925-6755,,60,,,8:40,14:00,,,N,,,,,,,,,,,,,,,,,
Œ¢‹—c’t‰€,Œ¢‹—c’t‰€,•l¼s,Œö—§,,,,—c’t‰€,•l¼s“V—³‹æt–ì’¬–x”V“à989-1,,34.958813,137.898089,http://www.hamamatsu-pippi.net/shiritai/you_koritsu/2014021909523/,985-0821,,60,,,8:50,14:00,,,N,,,,,,,,,,,,,,,,,
‹C“c—c’t‰€,‹C“c—c’t‰€,•l¼s,Œö—§,,,,—c’t‰€,•l¼s“V—³‹æt–ì’¬‹C“c624,,35.004611,137.90724,http://www.hamamatsu-pippi.net/shiritai/you_koritsu/2014021909530/,989-0201,,60,,,8:45,14:00,,,N,,,,,,,,,,,,,,,,,
‰Yì—c’t‰€,‰Yì—c’t‰€,•l¼s,Œö—§,,,,—c’t‰€,•l¼s“V—³‹æ²‹vŠÔ’¬‰Yì2799,,35.052211,137.76093,http://www.hamamatsu-pippi.net/shiritai/you_koritsu/2014021909547/,967-3803,,60,,,8:45,17:30,,,Y,,,,,,,,,,,,,,,,,
²‹vŠÔ—c’t‰€,²‹vŠÔ—c’t‰€,•l¼s,Œö—§,,,,—c’t‰€,•l¼s“V—³‹æ²‹vŠÔ’¬”¼ê47,,35.087522,137.802164,http://www.hamamatsu-pippi.net/shiritai/you_koritsu/2014021909554/,965-0260,,60,,,8:45,17:30,,,Y,,,,,,,,,,,,,,,,,
é¼—c’t‰€i‹x‰€j,é¼—c’t‰€i‹x‰€j,•l¼s,Œö—§,,,,—c’t‰€,•l¼s“V—³‹æ²‹vŠÔ’¬‰œ—Ì‰Æ1632,,35.143459,137.861397,,-,,-,,,-,-,,,-,,,,,,,,,,,,,,,,,
¼‹C‰ê—c’t‰€,¼‹C‰ê—c’t‰€,•l¼s,Œö—§,,,,—c’t‰€,•l¼s–k‹æ×]’¬‹C‰ê10052-4,,34.803178,137.62327,http://www.hamamatsu-pippi.net/shiritai/you_koritsu/2014021909196/,523-1149,,105,,,8:30,14:00,,,N,,,,,,,,,,,,,,,,,
ˆÉ–Ú—c’t‰€,ˆÉ–Ú—c’t‰€,•l¼s,Œö—§,,,,—c’t‰€,•l¼s–k‹æ×]’¬‹C‰ê3207-1,,34.787342,137.64275,http://www.hamamatsu-pippi.net/shiritai/you_koritsu/2014021909202/,523-1197,,105,,,8:25,14:00,,,N,,,,,,,,,,,,,,,,,
’†ì—c’t‰€,’†ì—c’t‰€,•l¼s,Œö—§,,,,—c’t‰€,•l¼s–k‹æ×]’¬’†ì2418-2,,34.80914,137.678454,http://www.hamamatsu-pippi.net/shiritai/you_koritsu/2014021909219/,523-1364,,105,,,8:30,14:00,,,N,,,,,,,,,,,,,,,,,
’†‰›—c’t‰€,’†‰›—c’t‰€,•l¼s,Œö—§,,,,—c’t‰€,•l¼s–k‹æ×]’¬‹C‰ê304,,34.805901,137.651118,http://www.hamamatsu-pippi.net/shiritai/you_koritsu/2014021909226/,523-0135,,105,,,8:50,14:30,,,N,,,,,,,,,,,,,,,,,
‚‘ä—c’t‰€,‚‘ä—c’t‰€,•l¼s,Œö—§,,,,—c’t‰€,•l¼s–k‹æ×]’¬’†ì7172-701,,34.794128,137.685312,http://www.hamamatsu-pippi.net/shiritai/you_koritsu/2014021909233/,523-0879,,105,,,8:50,14:30,,,N,,,,,,,,,,,,,,,,,
ˆø²—c’t‰€,ˆø²—c’t‰€,•l¼s,Œö—§,,,,—c’t‰€,•l¼s–k‹æ_‹{›’¬8-48,,34.831413,137.671157,http://www.hamamatsu-pippi.net/shiritai/you_koritsu/2014021909240/,542-1933,,210,,,7:30,18:00,,,Y,,,,,,,,,,,,,,,,,
‹àw—c’t‰€,‹àw—c’t‰€,•l¼s,Œö—§,,,,—c’t‰€,•l¼s–k‹æˆø²’¬‹àw862-3,,34.822953,137.683009,http://www.hamamatsu-pippi.net/shiritai/you_koritsu/2014021909257/,542-2115,,105,,,7:30,18:00,,,Y,,,,,,,,,,,,,,,,,
‰œR—c’t‰€,‰œR—c’t‰€,•l¼s,Œö—§,,,,—c’t‰€,•l¼s–k‹æˆø²’¬‰œR1110-1,,34.845868,137.629774,http://www.hamamatsu-pippi.net/shiritai/you_koritsu/2014021909264/,543-0158,,105,,,7:30,18:00,,,Y,,,,,,,,,,,,,,,,,
ˆÉ•½—c’t‰€,ˆÉ•½—c’t‰€,•l¼s,Œö—§,,,,—c’t‰€,•l¼s–k‹æˆø²’¬ˆÉ•½778-1,,34.864972,137.661232,http://www.hamamatsu-pippi.net/shiritai/you_koritsu/2014021909271/,544-0718,,60,,,7:30,18:00,,,Y,,,,,,,,,,,,,,,,,
ˆø²–k•”‚İ‚³‚Æ—c’t‰€,ˆø²–k•”‚İ‚³‚Æ—c’t‰€,•l¼s,Œö—§,,,,—c’t‰€,•l¼s–k‹æˆø²’¬“c‘ò432-1,,34.897784,137.656378,http://www.hamamatsu-pippi.net/shiritai/you_koritsu/2014021909288/,544-0739,,60,,,7:30,18:00,,,Y,,,,,,,,,,,,,,,,,
”ö“Ş—c’t‰€,”ö“Ş—c’t‰€,•l¼s,Œö—§,,,,—c’t‰€,•l¼s–k‹æOƒ–“ú’¬‰º”ö“Ş1461-1,,34.78483,137.538,http://www.hamamatsu-pippi.net/shiritai/you_koritsu/2014021909295/,524-0011,,60,,,9:00,16:00,,,Y,,,,,,,,,,,,,,,,,
‘åè—c’t‰€,‘åè—c’t‰€,•l¼s,Œö—§,,,,—c’t‰€,•l¼s–k‹æOƒ–“ú’¬‘åè1665-20,,34.77236,137.563449,http://www.hamamatsu-pippi.net/shiritai/you_koritsu/2014021909301/,526-0517,,60,,,9:00,16:00,,,Y,,,,,,,,,,,,,,,,,
•½R—c’t‰€,•½R—c’t‰€,•l¼s,Œö—§,,,,—c’t‰€,•l¼s–k‹æOƒ–“ú’¬•½R223-1,,34.825426,137.536842,http://www.hamamatsu-pippi.net/shiritai/you_koritsu/2014021909318/,524-0608,,60,,,9:00,16:00,,,Y,,,,,,,,,,,,,,,,,
“à–ì—c’t‰€,“à–ì—c’t‰€,•l¼s,Œö—§,,,,—c’t‰€,•l¼s•l–k‹æ“à–ì1648-1,,34.783286,137.756375,http://www.hamamatsu-pippi.net/shiritai/you_koritsu/2014021909349/,586-4777,,210,,,8:50,14:30,,,N,,,,,,,,,,,,,,,,,
•l¼’†‰›—c’t‰€,•l¼’†‰›—c’t‰€,,„—§,,,,—c’t‰€,•l¼s’†‹æ”ö’£’¬127”Ô’n‚Ì7,,34.71192,137.730753,http://www.hamamatsu-pippi.net/shiritai/you_shiritsu_jurai/2014021909578/,453-0249,,200,–3Î™•Ûˆç‚ ‚è,,8:00,17:00,,,Y,,,,,,,,,,,,,,,,,
”‹‹u—c’t‰€,”‹‹u—c’t‰€,,„—§,,,,—c’t‰€,•l¼s’†‹æò“ñ’š–Ú3”Ô10†,,34.742787,137.722905,http://www.hamamatsu-pippi.net/shiritai/you_shiritsu_jurai/2014021909806/,471-2494,,380,–3Î™•Ûˆç‚ ‚è,,9:50,18:00,,,Y,,,,,,,,,,,,,,,,,
Š›]—c’t‰€,Š›]—c’t‰€,,„—§,,,,—c’t‰€,•l¼s’†‹æŠ›]’¬97”Ô’n‚Ì3,,34.704577,137.721126,http://www.hamamatsu-pippi.net/shiritai/you_shiritsu_jurai/2014021909585/,452-5456,,420,–3Î™•Ûˆç‚ ‚è,,9:50,18:00,,,Y,,,,,,,,,,,,,,,,,
¬q—c’t‰€,¬q—c’t‰€,,„—§,,,,—c’t‰€,•l¼s’†‹æ¬q’¬13”Ô’n,,34.700549,137.725865,http://www.hamamatsu-pippi.net/shiritai/you_shiritsu_jurai/2014021909691/,452-2451,,280,–3Î™•Ûˆç‚ ‚è,,9:00,17:20,,,Y,,,,,,,,,,,,,,,,,
Ô–å—c’t‰€,Ô–å—c’t‰€,,„—§,,,,—c’t‰€,•l¼s“ì‹æV‹´’¬923”Ô’n‚Ì1,,34.68286,137.706951,http://www.hamamatsu-pippi.net/shiritai/you_shiritsu_jurai/2014021909967/,447-0108,,400,–3Î™•Ûˆç‚ ‚è,,7:30,18:00,,,Y,,,,,,,,,,,,,,,,,
•x’Ë—c’t‰€,•x’Ë—c’t‰€,,„—§,,,,—c’t‰€,•l¼s’†‹æ•x’Ë’¬659”Ô’n,,34.725588,137.705899,http://www.hamamatsu-pippi.net/shiritai/you_shiritsu_jurai/2014021909721/,471-3491,,440,–3Î™•Ûˆç‚ ‚è,,7:30,18:30,,,Y,,,,,,,,,,,,,,,,,
²“¡—c’t‰€,²“¡—c’t‰€,,„—§,,,,—c’t‰€,•l¼s’†‹æ²“¡O’š–Ú15”Ô18†,,34.713021,137.750458,http://www.hamamatsu-pippi.net/shiritai/you_shiritsu_jurai/2014021909738/,463-7882,,170,,,8:00,17:00,,,Y,,,,,,,,,,,,,,,,,
‚Ğ‚­‚Ü—c’t‰€,‚Ğ‚­‚Ü—c’t‰€,,„—§,,,,—c’t‰€,•l¼s’†‹æ•M’¬35”Ô30†,,34.723075,137.735997,http://www.hamamatsu-pippi.net/shiritai/you_shiritsu_jurai/2014021909769/,471-6197,,400,–3Î™•Ûˆç‚ ‚è,,7:45,17:30,,,Y,,,,,,,,,,,,,,,,,
•Ï›—c’t‰€,•Ï›—c’t‰€,,„—§,,,,—c’t‰€,•l¼s’†‹æL‘òˆê’š–Ú2”Ô1†,,34.713373,137.719321,http://www.hamamatsu-pippi.net/shiritai/you_shiritsu_jurai/2014021909646/,453-1321,,260,–3Î™•Ûˆç‚ ‚è,,7:30,18:00,,,Y,,,,,,,,,,,,,,,,,
å„’Ë—c’t‰€,å„’Ë—c’t‰€,,„—§,,,,—c’t‰€,•l¼s’†‹æå„’Ëˆê’š–Ú20”Ô2†,,34.713748,137.713185,http://www.hamamatsu-pippi.net/shiritai/you_shiritsu_jurai/2014021909653/,452-4426,,90,–3Î™•Ûˆç‚ ‚è,,8:00,17:30,,,Y,,,,,,,,,,,,,,,,,
‚ ‚¯‚Ú‚Ì—c’t‰€,‚ ‚¯‚Ú‚Ì—c’t‰€,,„—§,,,,—c’t‰€,•l¼s’†‹æé–k“ñ’š–Ú5”Ô28†,,34.721272,137.721109,http://www.hamamatsu-pippi.net/shiritai/you_shiritsu_jurai/2014021909608/,472-5818,,210,–3Î™•Ûˆç‚ ‚è,,7:30,18:00,,,Y,,,,,,,,,,,,,,,,,
‰Í—Ö—c’t‰€,‰Í—Ö—c’t‰€,,„—§,,,,—c’t‰€,•l¼s“ì‹æ“Œ’¬238”Ô’n‚Ì1,,34.679244,137.783924,http://www.hamamatsu-pippi.net/shiritai/you_shiritsu_jurai/2014021910000/,425-2044,,200,–3Î™•Ûˆç‚ ‚è,,7:30,17:00,,,Y,,,,,,,,,,,,,,,,,
ã“‡—c’t‰€,ã“‡—c’t‰€,,„—§,,,,—c’t‰€,•l¼s’†‹æã“‡ˆê’š–Ú22”Ô5†,,34.736729,137.741752,http://www.hamamatsu-pippi.net/shiritai/you_shiritsu_jurai/2014021909776/,471-8951,,240,–3Î™•Ûˆç‚ ‚è,,7:30,18:00,,,Y,,,,,,,,,,,,,,,,,
º˜a—c’t‰€,º˜a—c’t‰€,,„—§,,,,—c’t‰€,•l¼s’†‹æŒühˆê’š–Ú8”Ô15†,,34.70648,137.751647,http://www.hamamatsu-pippi.net/shiritai/you_shiritsu_jurai/2014021909745/,461-3344,,270,–3Î™•Ûˆç‚ ‚è,,8:00,18:00,,,Y,,,,,,,,,,,,,,,,,
‘o—c’t‰€,‘o—c’t‰€,,„—§,,,,—c’t‰€,•l¼s’†‹æ‘o’¬1414”Ô’n‚Ì1,,34.733779,137.749346,http://www.hamamatsu-pippi.net/shiritai/you_shiritsu_jurai/2014021909783/,464-4618,,180,–3Î™•Ûˆç‚ ‚è,,8:00,18:00,,,Y,,,,,,,,,,,,,,,,,
Š——c’t‰€,Š——c’t‰€,,„—§,,,,—c’t‰€,•l¼s“Œ‹æ_—§’¬480”Ô’n,,34.716579,137.75103,http://www.hamamatsu-pippi.net/shiritai/you_shiritsu_jurai/2014021909851/,461-2612,,450,–3Î™•Ûˆç‚ ‚è,,8:00,18:00,,,Y,,,,,,,,,,,,,,,,,
‰w“ì—c’t‰€,‰w“ì—c’t‰€,,„—§,,,,—c’t‰€,•l¼s’†‹æ›“‡’¬478”Ô’n,,34.701719,137.740445,http://www.hamamatsu-pippi.net/shiritai/you_shiritsu_jurai/2014021909684/,452-3734,,300,–3Î™•Ûˆç‚ ‚è,,8:00,17:30,,,Y,,,,,,,,,,,,,,,,,
’©“c—c’t‰€,’©“c—c’t‰€,,„—§,,,,—c’t‰€,•l¼s’†‹æ–@}’¬116”Ô’n‚Ì1,,34.685418,137.728027,http://www.hamamatsu-pippi.net/shiritai/you_shiritsu_jurai/2014021909844/,441-0369,,300,–3Î™•Ûˆç‚ ‚è,,8:00,17:30,,,Y,,,,,,,,,,,,,,,,,
é–k—c’t‰€,é–k—c’t‰€,,„—§,,,,—c’t‰€,•l¼s’†‹æ•¶‹u’¬27”Ô3†,,34.726563,137.715453,http://www.hamamatsu-pippi.net/shiritai/you_shiritsu_jurai/2014021909622/,472-0336,,300,–3Î™•Ûˆç‚ ‚è,,8:00,17:30,,,Y,,,,,,,,,,,,,,,,,
•S‰Ô—c’t‰€,•S‰Ô—c’t‰€,,„—§,,,,—c’t‰€,•l¼s–k‹æªô’¬1497”Ô’n‚Ì2,,34.79223,137.710263,http://www.hamamatsu-pippi.net/shiritai/you_shiritsu_jurai/2014021910031/,438-0545,,310,,,8:30,17:30,,,Y,,,,,,,,,,,,,,,,,
“ú–{•¶‹³—c’t‰€,“ú–{•¶‹³—c’t‰€,,„—§,,,,—c’t‰€,•l¼s’†‹æí”Õ’¬141”Ô’n‚Ì20,,34.710765,137.732584,http://www.hamamatsu-pippi.net/shiritai/you_shiritsu_jurai/2014021909677/,452-5511,,100,–3Î™•Ûˆç‚ ‚è,,7:30,18:00,,,Y,,,,,,,,,,,,,,,,,
Â—t—c’t‰€,Â—t—c’t‰€,,„—§,,,,—c’t‰€,•l¼s’†‹æ‰h’¬118”Ô’n,,34.704093,137.725837,http://www.hamamatsu-pippi.net/shiritai/you_shiritsu_jurai/2014021909592/,454-0255,,380,–3Î™•Ûˆç‚ ‚è,,9:00,18:00,,,Y,,,,,,,,,,,,,,,,,
•l¼ˆ¨—c’t‰€,•l¼ˆ¨—c’t‰€,,„—§,,,,—c’t‰€,•l¼s’†‹æKl’š–Ú27”Ô1†,,34.743901,137.730904,http://www.hamamatsu-pippi.net/shiritai/you_shiritsu_jurai/2014021909813/,471-6878,,380,–3Î™•Ûˆç‚ ‚è,,9:50,17:30,,,Y,,,,,,,,,,,,,,,,,
•l¼Šw‰@‘åŠw•t‘®—c’t‰€,•l¼Šw‰@‘åŠw•t‘®—c’t‰€,,„—§,,,,—c’t‰€,•l¼s’†‹æZ‹gˆê’š–Ú22”Ô5†,,34.727255,137.72348,http://www.hamamatsu-pippi.net/shiritai/you_shiritsu_jurai/2014021909820/,472-5193,,260,–3Î™•Ûˆç‚ ‚è,,7:30,18:30,,,Y,,,,,,,,,,,,,,,,,
—ÎƒP‹u—c’t‰€,—ÎƒP‹u—c’t‰€,,„—§,,,,—c’t‰€,•l¼s’†‹æ“ŒˆÉêˆê’š–Ú24”Ô6†,,34.700591,137.714835,http://www.hamamatsu-pippi.net/shiritai/you_shiritsu_jurai/2014021909707/,455-1253,,180,–3Î™•Ûˆç‚ ‚è,,7:30,17:30,,,Y,,,,,,,,,,,,,,,,,
¼é—c’t‰€,¼é—c’t‰€,,„—§,,,,—c’t‰€,•l¼s’†‹æ­’J’¬1”Ô1†,,34.713212,137.72219,http://www.hamamatsu-pippi.net/shiritai/you_shiritsu_jurai/2014021909615/,452-2088,,150,–3Î™•Ûˆç‚ ‚è,,9:00,17:00,,,Y,,,,,,,,,,,,,,,,,
“ü–ì—c’t‰€,“ü–ì—c’t‰€,,„—§,,,,—c’t‰€,•l¼s¼‹æ“ü–ì’¬8834”Ô’n‚Ì1,,34.700719,137.685583,http://www.hamamatsu-pippi.net/shiritai/you_shiritsu_jurai/2014021909929/,447-165,,190,–3Î™•Ûˆç‚ ‚è,,10:00,17:30,,,Y,,,,,,,,,,,,,,,,,
‚³‚È‚é—c’t‰€,‚³‚È‚é—c’t‰€,,„—§,,,,—c’t‰€,•l¼s¼‹æ‘å•½‘äl’š–Ú9”Ô1†,,34.710031,137.678522,http://www.hamamatsu-pippi.net/shiritai/you_shiritsu_jurai/2014021909905/,485-7502,,345,,,8:00,17:00,,,Y,,,,,,,,,,,,,,,,,
‰Ô‰€—c’t‰€,‰Ô‰€—c’t‰€,,„—§,,,,—c’t‰€,•l¼s¼‹æÂŒ´’¬9376”Ô’n,,34.687678,137.658444,http://www.hamamatsu-pippi.net/shiritai/you_shiritsu_jurai/2014021909936/,447-2336,,360,–3Î™•Ûˆç‚ ‚è,,7:30,18:00,,,Y,,,,,,,,,,,,,,,,,
u“s˜C—c’t‰€,u“s˜C—c’t‰€,,„—§,,,,—c’t‰€,•l¼s¼‹æu“s˜C’¬1302”Ô’n,,34.701181,137.655671,http://www.hamamatsu-pippi.net/shiritai/you_shiritsu_jurai/2014021909912/,448-1283,,270,,,10:00,17:30,,,Y,,,,,,,,,,,,,,,,,
‚ ‚·‚È‚ë—c’t‰€,‚ ‚·‚È‚ë—c’t‰€,,„—§,,,,—c’t‰€,•l¼s“ì‹æ‰“B•lˆê’š–Ú10”Ô2†,,34.65714,137.76119,http://www.hamamatsu-pippi.net/shiritai/you_shiritsu_jurai/2014021909974/,425-2433,,180,–3Î™•Ûˆç‚ ‚è,,9:30,17:00,,,Y,,,,,,,,,,,,,,,,,
•l¼ŠC‚Ì¯—c’t‰€,•l¼ŠC‚Ì¯—c’t‰€,,„—§,,,,—c’t‰€,•l¼s’†‹æå„’ËO’š–Ú14”Ô3†,,34.715142,137.706838,http://www.hamamatsu-pippi.net/shiritai/you_shiritsu_jurai/2014021909639/,455-3641,,200,–3Î™•Ûˆç‚ ‚è,,7:30,18:00,,,Y,,,,,,,,,,,,,,,,,
ŠC‚Ì¯ë‚Ì‹{—c’t‰€,ŠC‚Ì¯ë‚Ì‹{—c’t‰€,,„—§,,,,—c’t‰€,•l¼s“Œ‹æ‘å£’¬27”Ô’n‚Ì32,,34.754759,137.764691,http://www.hamamatsu-pippi.net/shiritai/you_shiritsu_jurai/2014021909882/,434-0051,,200,–3Î™•Ûˆç‚ ‚è,,9:00,18:00,,,Y,,,,,,,,,,,,,,,,,
”ü”g—c’t‰€,”ü”g—c’t‰€,,„—§,,,,—c’t‰€,•l¼s“ì‹æ‘å–ö’¬50”Ô’n,,34.678401,137.753875,http://www.hamamatsu-pippi.net/shiritai/you_shiritsu_jurai/2014021909981/,444-3735,,200,,,8:00,17:30,,,Y,,,,,,,,,,,,,,,,,
ŒÎ“Œ—c’t‰€,ŒÎ“Œ—c’t‰€,,„—§,,,,—c’t‰€,•l¼s¼‹æŒÎ“Œ’¬1169”Ô’n‚Ì179,,34.762662,137.664544,http://www.hamamatsu-pippi.net/shiritai/you_shiritsu_jurai/2014021909899/,486-1010,,400,–3Î™•Ûˆç‚ ‚è,,7:30,17:30,,,Y,,,,,,,,,,,,,,,,,
’Ç•ª—c’t‰€,’Ç•ª—c’t‰€,,„—§,,,,—c’t‰€,•l¼s’†‹æˆ¨“Œ“ñ’š–Ú10”Ô23†,,34.760438,137.723826,http://www.hamamatsu-pippi.net/shiritai/you_shiritsu_jurai/2014021909790/,437-2831,,320,,,8:00,17:30,,,Y,,,,,,,,,,,,,,,,,
ÂƒP£—c’t‰€,ÂƒP£—c’t‰€,,„—§,,,,—c’t‰€,•l¼s“Œ‹æÂƒ–£’¬286”Ô’n,,34.728776,137.772994,http://www.hamamatsu-pippi.net/shiritai/you_shiritsu_jurai/2014021909868/,464-8424,,200,,,9:30,17:00,,,Y,,,,,,,,,,,,,,,,,
ˆ®ƒP‹u—c’t‰€,ˆ®ƒP‹u—c’t‰€,,„—§,,,,—c’t‰€,•l¼s–k‹æ‰¶’¬1139”Ô’n,,34.771431,137.730995,http://www.hamamatsu-pippi.net/shiritai/you_shiritsu_jurai/2014021910024/,437-4873,,440,,,7:00,18:00,,,Y,,,,,,,,,,,,,,,,,
•l–¼—c’t‰€,•l–¼—c’t‰€,,„—§,,,,—c’t‰€,•l¼s¼‹æ•‘ã’¬•l“c76”Ô’n,,34.682632,137.615496,http://www.hamamatsu-pippi.net/shiritai/you_shiritsu_jurai/2014021909950/,592-0850,,100,–3Î™•Ûˆç‚ ‚è,,8:00,18:00,,,Y,,,,,,,,,,,,,,,,,
‹C‰ê—c’t‰€,‹C‰ê—c’t‰€,,„—§,,,,—c’t‰€,•l¼s–k‹æ×]’¬‹C‰ê997”Ô’n‚Ì1,,34.809805,137.65263,http://www.hamamatsu-pippi.net/shiritai/you_shiritsu_jurai/2014021910055/,522-0313,,180,–3Î™•Ûˆç‚ ‚è,,9:30,18:00,,,Y,,,,,,,,,,,,,,,,,
–k•l—c’t‰€,–k•l—c’t‰€,,„—§,,,,—c’t‰€,•l¼s•l–k‹æ‹M•z”I409”Ô’n,,34.795305,137.785789,http://www.hamamatsu-pippi.net/shiritai/you_shiritsu_jurai/2014021910079/,586-2855,,600,–3Î™•Ûˆç‚ ‚è,,7:30,18:30,,,Y,,,,,,,,,,,,,,,,,
²–Â‘ä—c’t‰€,²–Â‘ä—c’t‰€,,„—§,,,,—c’t‰€,•l¼s’†‹æ²–Â‘ä“ñ’š–Ú26”Ô1†,,34.704257,137.693562,http://www.hamamatsu-pippi.net/shiritai/you_shiritsu_jurai/2014021909714/,448-7190,,210,–3Î™•Ûˆç‚ ‚è,,10:00,17:30,,,Y,,,,,,,,,,,,,,,,,
•½¬—c’t‰€,•½¬—c’t‰€,,„—§,,,,—c’t‰€,•l¼s’†‹æ‚‹u–kO’š–Ú16”Ô14†,,34.765427,137.700201,http://www.hamamatsu-pippi.net/shiritai/you_shiritsu_jurai/2014021909837/,438-2800,,360,–3Î™•Ûˆç‚ ‚è,,8:00,17:30,,,Y,,,,,,,,,,,,,,,,,
O¼—c’t‰€,O¼—c’t‰€,,„—§,,,,—c’t‰€,•l¼s–k‹æOƒ–“ú’¬Oƒ–“ú432”Ô’n,,34.808948,137.555394,http://www.hamamatsu-pippi.net/shiritai/you_shiritsu_jurai/2014021910062/,525-3434,,160,–3Î™•Ûˆç‚ ‚è,,7:30,17:30,,,Y,,,,,,,,,,,,,,,,,
…ŒE—c’t‰€,…ŒE—c’t‰€,,„—§,,,,—c’t‰€,•l¼s“V—³‹æ…ŒE’¬‰œ—Ì‰Æ3184”Ô’n,,35.167648,137.866518,http://www.hamamatsu-pippi.net/shiritai/you_shiritsu_jurai/2014021910086/,987-0769,,70,–3Î™•Ûˆç‚ ‚è,,7:30,17:00,,,Y,,,,,,,,,,,,,,,,,
“V‰¤—c’t‰€,“V‰¤—c’t‰€,,„—§,,,,—c’t‰€,•l¼s“Œ‹æ“V‰¤’¬943”Ô’n,,34.734028,137.776416,http://www.hamamatsu-pippi.net/shiritai/you_shiritsu/2014021909875/,421-6979,,400,–3Î™•Ûˆç‚ ‚è,,8:00,17:00,,,Y,,,,,,,,,,,,,,,,,
