Name,Label,Owner,Ownership,Proof,Shanai,Kodomo,Type,SubType,Add1,Add2,Y,X,url,TEL,FAX,Full,AgeS,AgeE,Open,Close,H24,Memo,Extra,Temp,Holiday,Night,admitte0,admitte1,admitte2,admitte3,admitte4,admitte5,entry0,entry1,entry2,entry3,entry4,entry5,Vacancy,VacancyDate
六条こども園,六条こども園,福井市,公立,,,,認可保育所,幼保連携型認定こども園,福井市天王町21-1-1,,36.027097,136.234578,,0776-41-1140,,,,,,,,,,,,,,,,,,,,,,,,,,
文殊こども園,文殊こども園,福井市,公立,,,,認可保育所,幼保連携型認定こども園,福井市太田町14-1,,36.011643,136.230259,,0776-38-0221,,,,,,,,,,,,,,,,,,,,,,,,,,
鶉こども園,鶉こども園,福井市,公立,,,,認可保育所,幼保連携型認定こども園,福井市砂子坂町6-20,,36.143461,136.145959,,0776-83-0160,,,,,,,,,,,,,,,,,,,,,,,,,,
棗こども園,棗こども園,福井市,公立,,,,認可保育所,幼保連携型認定こども園,福井市石新保町13-17,,36.145179,136.108165,,0776-85-1130,,,,,,,,,,,,,,,,,,,,,,,,,,
東藤島こども園,東藤島こども園,福井市,公立,,,,認可保育所,幼保連携型認定こども園,福井市藤島町46-13-1,,36.086492,136.27144,,0776-54-4355,,,,,,,,,,,,,,,,,,,,,,,,,,
いずみこども園,いずみこども園,(福)泉通寺福祉会,私立,,,,認可保育所,幼保連携型認定こども園,福井市若杉浜2丁目302,,36.062136,136.186955,,0776-35-0123,,,,,,,,,,,,,,,,,,,,,,,,,,
幼保連携型認定こども園竹里,幼保連携型認定こども園竹里,(福)竹里会,私立,,,,認可保育所,幼保連携型認定こども園,福井市成和1丁目303,,36.05861,136.244803,,0776-26-1364,,,,,,,,,,,,,,,,,,,,,,,,,,
めぐみこども園,めぐみこども園,(福)めぐみこども園,私立,,,,認可保育所,幼保連携型認定こども園,福井市久喜津町34-1,,36.056925,136.179548,,0776-36-5057,,,,,,,,,,,,,,,,,,,,,,,,,,
青い鳥こども園,青い鳥こども園,(福)青い鳥福祉会,私立,,,,認可保育所,幼保連携型認定こども園,福井市中央2丁目7-23,,36.0593,136.218075,,0776-21-2817,,,,,,,,,,,,,,,,,,,,,,,,,,
さくら認定こども園,さくら認定こども園,(福)さくら会,私立,,,,認可保育所,幼保連携型認定こども園,福井市文京1丁目30-1,,36.078665,136.224321,,0776-26-1192,,,,,,,,,,,,,,,,,,,,,,,,,,
足羽東こども園,足羽東こども園,(福)足羽福祉会,私立,,,,認可保育所,幼保連携型認定こども園,福井市東大味町10-1-1,,35.99511,136.258926,,0776-41-3122,,,,,,,,,,,,,,,,,,,,,,,,,,
幼保連携型認定こども園あさかぜ,幼保連携型認定こども園あさかぜ,(福)育幼福祉会,私立,,,,認可保育所,幼保連携型認定こども園,福井市渕1丁目3211,,36.037789,136.191488,,0776-35-7160,,,,,,,,,,,,,,,,,,,,,,,,,,
エールこども園,エールこども園,(福)青い鳥福祉会,私立,,,,認可保育所,幼保連携型認定こども園,福井市中央2丁目7-23,,36.0593,136.218075,,0776-21-2817,,,,,,,,,,,,,,,,,,,,,,,,,,
幼保連携型認定こども園三谷館,幼保連携型認定こども園三谷館,(福)育幼福祉会,私立,,,,認可保育所,幼保連携型認定こども園,福井市中央2丁目12-15,,36.057073,136.219311,,0776-20-5405,,,,,,,,,,,,,,,,,,,,,,,,,,
認定こども園エンゼル保育園,認定こども園エンゼル保育園,(福)清泉会,私立,,,,認可保育所,幼保連携型認定こども園,福井市西谷2丁目702,,36.038264,136.205234,,0776-33-0200,,,,,,,,,,,,,,,,,,,,,,,,,,
認定こども園新田塚幼稚園,認定こども園新田塚幼稚園,(学)華蔵学園,私立,,,,認可保育所,幼保連携型認定こども園,福井市新田塚2丁目46-26,,36.089349,136.200158,,0776-26-1191,,,,,,,,,,,,,,,,,,,,,,,,,,
昭和認定こども園昭和幼稚園,昭和認定こども園昭和幼稚園,(学)清行学園,私立,,,,認可保育所,幼保連携型認定こども園,福井市みのり1丁目29-1,,36.048096,136.216336,,0776-35-0058,,,,,,,,,,,,,,,,,,,,,,,,,,
認定こども園福井佼成幼稚園,認定こども園福井佼成幼稚園,(学)福井佼成学園,私立,,,,認可保育所,幼保連携型認定こども園,福井市春日3丁目1303,,36.051049,136.224288,,0776-35-2413,,,,,,,,,,,,,,,,,,,,,,,,,,
みどりこども園,みどりこども園,(学)心月学園,私立,,,,認可保育所,幼保連携型認定こども園,福井市足羽1丁目22-1,,36.059528,136.207481,,0776-36-2107,,,,,,,,,,,,,,,,,,,,,,,,,,
認定こども園梅圃幼稚園,認定こども園梅圃幼稚園,(学)梅圃学園,私立,,,,認可保育所,幼保連携型認定こども園,福井市今市町46-23,,36.017483,136.20226,,0776-38-5811,,,,,,,,,,,,,,,,,,,,,,,,,,
認定こども園栄冠幼稚園,認定こども園栄冠幼稚園,(学)福井栄冠学園,私立,,,,認可保育所,幼保連携型認定こども園,福井市大手3-15-16,,36.066363,136.218324,,0776-22-4598,,,,,,,,,,,,,,,,,,,,,,,,,,
しみずこども園,しみずこども園,(福)竹伸会,私立,,,,認可保育所,幼保連携型認定こども園,福井市風巻町28-5,,36.027562,136.148074,,0776-98-3660,,,,,,,,,,,,,,,,,,,,,,,,,,
ひまわりこども園,ひまわりこども園,(福)ひまわり保育園,私立,,,,認可保育所,幼保連携型認定こども園,福井市足羽3丁目2-28,,36.056992,136.204959,,0776-35-2417,,,,,,,,,,,,,,,,,,,,,,,,,,
社中央第一こども園,社中央第一こども園,(福)やしろ中央会,私立,,,,認可保育所,幼保連携型認定こども園,福井市渕町4丁目1005,,36.04088,136.194529,,0776-36-0695,,,,,,,,,,,,,,,,,,,,,,,,,,
和田こども園,和田こども園,(福)和田保育園,私立,,,,認可保育所,幼保連携型認定こども園,福井市和田3丁目907,,36.04908,136.245618,,0776-26-3297,,,,,,,,,,,,,,,,,,,,,,,,,,
玉ノ江こども園,玉ノ江こども園,(福)竹伸会,私立,,,,認可保育所,幼保連携型認定こども園,福井市大島町柳504,,36.03369,136.207276,,0776-36-7634,,,,,,,,,,,,,,,,,,,,,,,,,,
社中央第二こども園,社中央第二こども園,(福)やしろ中央会,私立,,,,認可保育所,幼保連携型認定こども園,福井市運動公園1丁目3903,,36.050151,136.179001,,0776-36-8403,,,,,,,,,,,,,,,,,,,,,,,,,,
あさひこども園,あさひこども園,(福)光乗福祉会,私立,,,,認可保育所,幼保連携型認定こども園,福井市栂野町2-53,,36.035215,136.251284,,0776-41-3022,,,,,,,,,,,,,,,,,,,,,,,,,,
みづこしこども園,みづこしこども園,(福)あすなろ会,私立,,,,認可保育所,幼保連携型認定こども園,福井市豊岡1丁目11-15,,36.069674,136.192836,,0776-22-1010,,,,,,,,,,,,,,,,,,,,,,,,,,
認定こども園花園,認定こども園花園,(福)町屋福祉会,私立,,,,認可保育所,幼保連携型認定こども園,福井市松本1丁目36-15,,36.075655,136.231929,,0776-26-6280,,,,,,,,,,,,,,,,,,,,,,,,,,
えばたこども園,えばたこども園,(福)えばた福祉会,私立,,,,認可保育所,幼保連携型認定こども園,福井市江端町12-9,,36.026419,136.213751,,0776-38-3335,,,,,,,,,,,,,,,,,,,,,,,,,,
さくらんぼ認定こども園,さくらんぼ認定こども園,(福)育友福祉会,私立,,,,認可保育所,幼保連携型認定こども園,福井市高木中央2丁目3815,,36.089623,136.236962,,0776-53-3063,,,,,,,,,,,,,,,,,,,,,,,,,,
杉の木台こども園,杉の木台こども園,(福)竹伸会,私立,,,,認可保育所,幼保連携型認定こども園,福井市中野1丁目2105,,36.000441,136.18641,,0776-38-3588,,,,,,,,,,,,,,,,,,,,,,,,,,
認定こども園鷹巣ひかり,認定こども園鷹巣ひかり,(福)鷹巣福祉会,私立,,,,認可保育所,幼保連携型認定こども園,福井市西二ﾂ屋町9-8,,36.13562,136.079882,,0776-86-1066,,,,,,,,,,,,,,,,,,,,,,,,,,
清水台こども園,清水台こども園,(福)竹伸会,私立,,,,認可保育所,幼保連携型認定こども園,福井市ｸﾞﾘｰﾝﾊｲﾂ1丁目128,,36.045493,136.158339,,0776-98-2135,,,,,,,,,,,,,,,,,,,,,,,,,,
やわらぎ木田認定こども園,やわらぎ木田認定こども園,(福）六条厚生会,私立,,,,認可保育所,幼保連携型認定こども園,福井市木田2丁目1701,,36.045314,136.225344,,0776-34-8260,,,,,,,,,,,,,,,,,,,,,,,,,,
三心えんざん認定こども園,三心えんざん認定こども園,(福）育友福祉会,私立,,,,認可保育所,幼保連携型認定こども園,福井市今泉町25-16-1,,36.067679,136.25368,,0776-53-2666,,,,,,,,,,,,,,,,,,,,,,,,,,
認定こども園木の実,認定こども園木の実,(福）町屋福祉会,私立,,,,認可保育所,幼保連携型認定こども園,福井市北四ﾂ居1丁目30-15,,36.064659,136.247461,,0776-52-1801,,,,,,,,,,,,,,,,,,,,,,,,,,
千寿たんぽぽこども園,千寿たんぽぽこども園,(福)森田福祉会,私立,,,,認可保育所,幼保連携型認定こども園,福井市栗森町15-25,,36.117067,136.238556,,0776-56-1777,,,,,,,,,,,,,,,,,,,,,,,,,,
鹿苑こども園,鹿苑こども園,(福)専照会,私立,,,,認可保育所,幼保連携型認定こども園,福井市みのり2丁目3-44,,36.051049,136.213506,,0776-35-2059,,,,,,,,,,,,,,,,,,,,,,,,,,
文京こども園,文京こども園,(福)文京保育園,私立,,,,認可保育所,幼保連携型認定こども園,福井市文京4丁目9-14,,36.075992,136.209242,,0776-22-4730,,,,,,,,,,,,,,,,,,,,,,,,,,
経田こども園,経田こども園,(福)高明会,私立,,,,認可保育所,幼保連携型認定こども園,福井市二の宮3丁目6-18,,36.083703,136.216316,,0776-21-2420,,,,,,,,,,,,,,,,,,,,,,,,,,
はちまんこども園,はちまんこども園,(福)八幡保育園,私立,,,,認可保育所,幼保連携型認定こども園,福井市月見4丁目18-4,,36.046049,136.207706,,0776-36-7005,,,,,,,,,,,,,,,,,,,,,,,,,,
あさむつこども園,あさむつこども園,(福)あさむつ福祉会,私立,,,,認可保育所,幼保連携型認定こども園,福井市下荒井町4-76,,36.027888,136.206929,,0776-38-9605,,,,,,,,,,,,,,,,,,,,,,,,,,
認定こども園暁幼稚園,認定こども園暁幼稚園,(学）福井加茂学園,私立,,,,認可保育所,幼保連携型認定こども園,福井市久喜津町64-25-1,,36.050012,136.177301,,0776-36-0988,,,,,,,,,,,,,,,,,,,,,,,,,,
認定こども園城之橋幼稚園,認定こども園城之橋幼稚園,(学)福井城之橋学園,私立,,,,認可保育所,幼保連携型認定こども園,福井市日之出3丁目3-30,,36.061842,136.229026,,0776-22-4859,,,,,,,,,,,,,,,,,,,,,,,,,,
認定こども園花園幼稚園,認定こども園花園幼稚園,(学)霊泉寺学園,私立,,,,認可保育所,幼保連携型認定こども園,福井市文京5丁目25-21,,36.07912,136.203291,,0776-26-6310,,,,,,,,,,,,,,,,,,,,,,,,,,
ゆりかご認定こども園,ゆりかご認定こども園,(福)ゆりかご保育園,私立,,,,認可保育所,幼保連携型認定こども園,福井市灯明寺3丁目2515,,36.096313,136.212562,,0776-25-2717,,,,,,,,,,,,,,,,,,,,,,,,,,
岡保こども園,岡保こども園,(福)岡保保育園,私立,,,,認可保育所,幼保連携型認定こども園,福井市河水町18-10,,36.050981,136.273296,,0776-54-5825,,,,,,,,,,,,,,,,,,,,,,,,,,
日光こども園,日光こども園,(福)日光福祉会,私立,,,,認可保育所,幼保連携型認定こども園,福井市日光2丁目22-20,,36.072071,136.198183,,0776-26-2700,,,,,,,,,,,,,,,,,,,,,,,,,,
ゆきんこ光陽こども園,ゆきんこ光陽こども園,(福)ゆきんこの会,私立,,,,認可保育所,幼保連携型認定こども園,福井市光陽2丁目23-25,,36.064624,136.201609,,0776-24-3584,,,,,,,,,,,,,,,,,,,,,,,,,,
ふじしま認定こども園,ふじしま認定こども園,(福）藤島会,私立,,,,認可保育所,幼保連携型認定こども園,福井市四ﾂ井1丁目7-11,,36.066509,136.235942,,0776-52-2110,,,,,,,,,,,,,,,,,,,,,,,,,,
中藤東こども園,中藤東こども園,(福)中藤福祉会,私立,,,,認可保育所,幼保連携型認定こども園,福井市高柳3丁目3206,,36.097969,136.24042,,0776-53-6633,,,,,,,,,,,,,,,,,,,,,,,,,,
認定こども園　聖三一幼稚園,認定こども園　聖三一幼稚園,(学)聖三一学園,私立,,,,認可保育所,幼保連携型認定こども園,福井市宝永2丁目5-7,,36.069011,136.226349,,0776-22-3347,,,,,,,,,,,,,,,,,,,,,,,,,,
認定こども園　光の子,認定こども園　光の子,(学)光の子幼稚園,私立,,,,認可保育所,幼保連携型認定こども園,福井市日光2丁目9-7,,36.07309,136.201282,,0776-29-1214,,,,,,,,,,,,,,,,,,,,,,,,,,
藤島幼稚園,藤島幼稚園,(学)藤島学園,私立,,,,認可保育所,幼保連携型認定こども園,福井市経田2丁目512,,36.088944,136.217427,,0776-26-0269,,,,,,,,,,,,,,,,,,,,,,,,,,
さみどり保育園,さみどり保育園,(福)さみどり福祉会,私立,,,,認可保育所,幼保連携型認定こども園,敦賀市本町1-7-7,,35.651502,136.073457,,0770-22-1000,,,,,,,,,,,,,,,,,,,,,,,,,,
新和さみどり保育園,新和さみどり保育園,(福)さみどり福祉会,私立,,,,認可保育所,幼保連携型認定こども園,敦賀市新和1丁目6-7,,35.63011,136.056194,,0770-20-0200,,,,,,,,,,,,,,,,,,,,,,,,,,
第二早翠幼稚園,第二早翠幼稚園,学校法人早翠学園,私立,,,,認可保育所,幼保連携型認定こども園,敦賀市市野々6-2-2,,35.632298,136.055255,,0770-21-0002,,,,,,,,,,,,,,,,,,,,,,,,,,
小浜市浜っ子こども園,小浜市浜っ子こども園,小浜市,公立,,,,認可保育所,幼保連携型認定こども園,小浜市川崎1丁目4-3,,35.499762,135.741578,,0770-52-0142,,,,,,,,,,,,,,,,,,,,,,,,,,
誓念寺こども園,誓念寺こども園,(福)まこと福祉会,私立,,,,認可保育所,幼保連携型認定こども園,大野市中荒井町2丁目824,,35.987826,136.493573,,0779-65-6167,,,,,,,,,,,,,,,,,,,,,,,,,,
誓念寺中野こども園,誓念寺中野こども園,(福)まこと福祉会,私立,,,,認可保育所,幼保連携型認定こども園,大野市東中野2丁目603,,35.9951,136.497198,,0779-65-6166,,,,,,,,,,,,,,,,,,,,,,,,,,
いなやまこども園,いなやまこども園,(福)いなやま保育園,私立,,,,認可保育所,幼保連携型認定こども園,大野市篠座94-39,,35.971092,136.497134,,0779-66-0038,,,,,,,,,,,,,,,,,,,,,,,,,,
いなほこども園,いなほこども園,(福)いなやま保育園,私立,,,,認可保育所,幼保連携型認定こども園,大野市春日二丁目16-5,,35.973048,136.495126,,0779-66-1740,,,,,,,,,,,,,,,,,,,,,,,,,,
しろきこども園,しろきこども園,(福)愛慈福祉会,私立,,,,認可保育所,幼保連携型認定こども園,勝山市芳野町2-3-19,,36.06943,136.502314,,0779-88-3213,,,,,,,,,,,,,,,,,,,,,,,,,,
きたこども園,きたこども園,（福）愛慈福祉会,私立,,,,認可保育所,幼保連携型認定こども園,勝山市沢町2丁目3-22,,36.064189,136.501503,,0779-88-1557,,,,,,,,,,,,,,,,,,,,,,,,,,
上野こども園,上野こども園,(福)上野福祉会,私立,,,,認可保育所,幼保連携型認定こども園,勝山市荒土町別所33-58-1,,36.083875,136.47528,,0779-89-2022,,,,,,,,,,,,,,,,,,,,,,,,,,
鯖江市ゆたかこども園,鯖江市ゆたかこども園,鯖江市,公立,,,,認可保育所,幼保連携型認定こども園,鯖江市上野田町2-9,,35.942076,136.151328,,0778-62-1680,,,,,,,,,,,,,,,,,,,,,,,,,,
あおいこども園,あおいこども園,(福)あおい保育園,私立,,,,認可保育所,幼保連携型認定こども園,鯖江市神明町4丁目1-7,,35.977914,136.186786,,0778-52-2231,,,,,,,,,,,,,,,,,,,,,,,,,,
北潟こども園,北潟こども園,(福)アイリス福祉会,私立,,,,認可保育所,幼保連携型認定こども園,あわら市北潟36-17-2,,36.261508,136.223346,,0776-79-1204,,,,,,,,,,,,,,,,,,,,,,,,,,
本荘こども園,本荘こども園,(福)本荘すこやか福祉会,私立,,,,認可保育所,幼保連携型認定こども園,あわら市下番7-1,,36.206855,136.195826,,0776-77-3305,,,,,,,,,,,,,,,,,,,,,,,,,,
金津こども園,金津こども園,あわら市,公立,,,,認可保育所,幼保連携型認定こども園,あわら市春宮3丁目24-20,,36.219432,136.229844,,0776-73-1228,,,,,,,,,,,,,,,,,,,,,,,,,,
金津東こども園,金津東こども園,(福)刈安福祉会,私立,,,,認可保育所,幼保連携型認定こども園,あわら市中川17-18,,36.197716,136.27031,,0776-74-1055,,,,,,,,,,,,,,,,,,,,,,,,,,
善久寺こども園,善久寺こども園,(福)和敬福祉会,私立,,,,認可保育所,幼保連携型認定こども園,あわら市舟津3丁目23-2,,36.224767,136.190548,,0776-77-2373,,,,,,,,,,,,,,,,,,,,,,,,,,
あわら敬愛こども園,あわら敬愛こども園,(福)聖徳園,私立,,,,認可保育所,幼保連携型認定こども園,あわら市田中々3-7-6,,36.221503,136.197153,,0776-78-7885,,,,,,,,,,,,,,,,,,,,,,,,,,
細呂木こども園,細呂木こども園,(福)さくら福祉会,私立,,,,認可保育所,幼保連携型認定こども園,あわら市滝63-25,,36.239992,136.254849,,0776-58-2082,,,,,,,,,,,,,,,,,,,,,,,,,,
伊井こども園,伊井こども園,(福)ポプラ福祉会,私立,,,,認可保育所,幼保連携型認定こども園,あわら市清間21-27-1,,36.196679,136.248979,,0776-73-2252,,,,,,,,,,,,,,,,,,,,,,,,,,
妙安寺こども園,妙安寺こども園,(福)妙安会,私立,,,,認可保育所,幼保連携型認定こども園,あわら市市姫2丁目17-3,,36.213713,136.229658,,0776-73-0439,,,,,,,,,,,,,,,,,,,,,,,,,,
白藤こども園,白藤こども園,(福)白藤福祉会,私立,,,,認可保育所,幼保連携型認定こども園,あわら市市姫1丁目13-17,,36.213355,136.231916,,0776-73-1142,,,,,,,,,,,,,,,,,,,,,,,,,,
芦原こども園,芦原こども園,あわら市,公立,,,,認可保育所,幼保連携型認定こども園,あわら市国影13-13,,36.223948,136.203691,,0776-77-1166,,,,,,,,,,,,,,,,,,,,,,,,,,
いちひめこども園,いちひめこども園,(福)市姫福祉会,私立,,,,認可保育所,幼保連携型認定こども園,あわら市市姫三丁目8-1,,36.210691,136.2267,,0776-73-2250,,,,,,,,,,,,,,,,,,,,,,,,,,
認定こども園北日野,認定こども園北日野,越前市,公立,,,,認可保育所,幼保連携型認定こども園,越前市矢放町16-4,,35.888809,136.187647,,0778-22-1772,,,,,,,,,,,,,,,,,,,,,,,,,,
認定こども園北新庄,認定こども園北新庄,越前市,公立,,,,認可保育所,幼保連携型認定こども園,越前市北町38-5-6,,35.913326,136.209186,,0778-22-1974,,,,,,,,,,,,,,,,,,,,,,,,,,
認定こども園岡本,認定こども園岡本,越前市,公立,,,,認可保育所,幼保連携型認定こども園,越前市岩本町5-26,,35.908416,136.245037,,0778-42-0435,,,,,,,,,,,,,,,,,,,,,,,,,,
認定こども園南中山,認定こども園南中山,越前市,公立,,,,認可保育所,幼保連携型認定こども園,越前市中津山町41-13-2,,35.929369,136.245857,,0778-42-0325,,,,,,,,,,,,,,,,,,,,,,,,,,
認定こども園服間,認定こども園服間,越前市,公立,,,,認可保育所,幼保連携型認定こども園,越前市藤木町12-34,,35.935539,136.263946,,0778-42-1029,,,,,,,,,,,,,,,,,,,,,,,,,,
認定こども園あわたべ,認定こども園あわたべ,(福)町屋福祉会,私立,,,,認可保育所,幼保連携型認定こども園,越前市粟田部町46-2,,35.913265,136.240402,,0778-42-0493,,,,,,,,,,,,,,,,,,,,,,,,,,
安養寺こども園,安養寺こども園,(福)安養寺保育園,私立,,,,認可保育所,幼保連携型認定こども園,越前市安養寺町89-29-1,,35.912023,136.077611,,0778-28-1741,,,,,,,,,,,,,,,,,,,,,,,,,,
浪花認定こども園,浪花認定こども園,(福)浪花保育園,私立,,,,認可保育所,幼保連携型認定こども園,越前市府中3丁目5-12,,35.907248,136.168716,,0778-22-7019,,,,,,,,,,,,,,,,,,,,,,,,,,
わかたけ認定こども園,わかたけ認定こども園,(福)わかたけ共済部,私立,,,,認可保育所,幼保連携型認定こども園,越前市高森町18-7-2,,35.905853,136.146032,,0778-22-6203,,,,,,,,,,,,,,,,,,,,,,,,,,
認定東こども園,認定東こども園,(福)和楽園,私立,,,,認可保育所,幼保連携型認定こども園,越前市堀川町3-14,,35.900441,136.172521,,0778-22-6637,,,,,,,,,,,,,,,,,,,,,,,,,,
神山認定こども園,神山認定こども園,(福)福栄会,私立,,,,認可保育所,幼保連携型認定こども園,越前市広瀬町132-3-1,,35.889694,136.141919,,0778-23-8688,,,,,,,,,,,,,,,,,,,,,,,,,,
認定こども園里山ほのか学園,認定こども園里山ほのか学園,（福）慶秀会,私立,,,,認可保育所,幼保連携型認定こども園,越前市氷坂町14-2-1,,35.924962,136.15002,,0778-23-0030,,,,,,,,,,,,,,,,,,,,,,,,,,
味真野保育園,味真野保育園,(福)育聖会,私立,,,,認可保育所,幼保連携型認定こども園,越前市上大坪町28-3,,35.885911,136.226787,,0778-27-2203,,,,,,,,,,,,,,,,,,,,,,,,,,
坂井こども園,坂井こども園,坂井市,公立,,,,認可保育所,幼保連携型認定こども園,坂井市坂井町宮領40-25-1,,36.165244,136.241181,,0776-66-5959,,,,,,,,,,,,,,,,,,,,,,,,,,
雄島こども園,雄島こども園,坂井市,公立,,,,認可保育所,幼保連携型認定こども園,坂井市三国町陣ｹ岡16-13-3,,36.238114,136.141193,,0776-82-0094,,,,,,,,,,,,,,,,,,,,,,,,,,
認定こども園　三国ひかり,認定こども園　三国ひかり,（福）鷹巣福祉会,私立,,,,認可保育所,幼保連携型認定こども園,坂井市三国町楽円53-3,,36.203249,136.159693,,0776-81-6565,,,,,,,,,,,,,,,,,,,,,,,,,,
池田町なかよしこども園,池田町なかよしこども園,池田町,公立,,,,認可保育所,幼保連携型認定こども園,今立郡池田町山田20-16-1,,35.889147,136.339834,,0778-44-8181,,,,,,,,,,,,,,,,,,,,,,,,,,
今庄なないろこども園,今庄なないろこども園,(福)今庄福祉会,私立,,,,認可保育所,幼保連携型認定こども園,南条郡南越前町今庄28-10-2,,35.779362,136.198423,,0778-45-0788,,,,,,,,,,,,,,,,,,,,,,,,,,
南条こども園,南条こども園,南越前町,公立,,,,認可保育所,幼保連携型認定こども園,南条郡南越前町東大道23-14-4,,35.836163,136.194087,,0778-47-2227,,,,,,,,,,,,,,,,,,,,,,,,,,
名田庄こども園,名田庄こども園,おおい町,公立,,,,認可保育所,幼保連携型認定こども園,大飯郡おおい町名田庄小倉16-10-4,,35.398981,135.67449,,0770-67-2126,,,,,,,,,,,,,,,,,,,,,,,,,,
本郷こども園,本郷こども園,(福)本郷こども園,私立,,,,認可保育所,幼保連携型認定こども園,大飯郡おおい町本郷110-5,,35.476763,135.621412,,0770-77-0379,,,,,,,,,,,,,,,,,,,,,,,,,,
大島認定こども園,大島認定こども園,(福)友愛会,私立,,,,認可保育所,幼保連携型認定こども園,大飯郡おおい町大島60-26,,35.528032,135.647104,,0770-77-0210,,,,,,,,,,,,,,,,,,,,,,,,,,
きらきらほいくえん,きらきらほいくえん,"NPO法人子育てサポートセンター
きらきらくらぶ",私立,,,,認可保育所,地域型保育事業,敦賀市若葉1丁目1610,,35.634381,136.048303,,0770-22-6447,,,,,,,,,,,,,,,,,,,,,,,,,,
げんきっこほいくえん,げんきっこほいくえん,"NPO法人子育てサポートセンター
きらきらくらぶ",私立,,,,認可保育所,地域型保育事業,敦賀市松島130号松原259番地1(櫛川),,35.656679,136.044933,,0770-22-6696,,,,,,,,,,,,,,,,,,,,,,,,,,
はましんわくわくステーション,はましんわくわくステーション,NPO法人わくわくくらぶ,私立,,,,認可保育所,地域型保育事業,小浜市小浜白鬚112,,35.495595,135.742045,,0770-52-2505,,,,,,,,,,,,,,,,,,,,,,,,,,
宮川保育園,宮川保育園,小浜市,公立,,,,認可保育所,地域型保育事業,小浜市竹長14-13-5,,35.496533,135.818708,,0770-57-1723,,,,,,,,,,,,,,,,,,,,,,,,,,
のぞみ保育園,のぞみ保育園,内田明則,私立,,,,認可保育所,地域型保育事業,鯖江市当田町10-2-2,,35.948192,136.16269,,0778-62-3234,,,,,,,,,,,,,,,,,,,,,,,,,,
内浦保育所,内浦保育所,高浜町,公立,,,,認可保育所,地域型保育事業,大飯郡高浜町山中107-26,,35.51939,135.467861,,0770-76-1130,,,,,,,,,,,,,,,,,,,,,,,,,,
岬保育所,岬保育所,"若狭町
（福）西田福祉会",公立,,,,認可保育所,地域型保育事業,三方上中郡若狭町小川12-1,,35.606106,135.845656,,0770-47-1715,,,,,,,,,,,,,,,,,,,,,,,,,,
"鉄道弘済会福井認定こども園
（若草こども園）","鉄道弘済会福井認定こども園
（若草こども園）",(公財)鉄道弘済会,私立,,,,認可保育所,保育所型認定こども園,福井市城東2丁目10-13,,36.060184,136.236004,,0776-22-6485,,,,,,,,,,,,,,,,,,,,,,,,,,
慈光保育園,慈光保育園,(福)慈光保育園,私立,,,,認可保育所,保育所型認定こども園,鯖江市西袋町64-25,,35.954894,136.276642,,0778-65-2044,,,,,,,,,,,,,,,,,,,,,,,,,,
西部保育園,西部保育園,福井市,公立,,,,認可保育所,保育所,福井市花月2丁目10-10,,36.069254,136.208726,,0776-22-0072,,,,,,,,,,,,,,,,,,,,,,,,,,
北部保育園,北部保育園,福井市,公立,,,,認可保育所,保育所,福井市松本2丁目7-26,,36.072013,136.228412,,0776-20-5411,,,,,,,,,,,,,,,,,,,,,,,,,,
日之出保育園,日之出保育園,福井市,公立,,,,認可保育所,保育所,福井市日之出5丁目14-1,,36.066003,136.234081,,0776-54-0041,,,,,,,,,,,,,,,,,,,,,,,,,,
湊保育園,湊保育園,福井市,公立,,,,認可保育所,保育所,福井市光陽1丁目9-8,,36.067532,136.203643,,0776-22-0061,,,,,,,,,,,,,,,,,,,,,,,,,,
西藤島保育園,西藤島保育園,福井市,公立,,,,認可保育所,保育所,福井市三郎丸1丁目1414,,36.0795,136.193939,,0776-22-8851,,,,,,,,,,,,,,,,,,,,,,,,,,
御幸保育園,御幸保育園,福井市,公立,,,,認可保育所,保育所,福井市御幸2丁目7-29,,36.057134,136.230507,,0776-22-0062,,,,,,,,,,,,,,,,,,,,,,,,,,
社保育園,社保育園,福井市,公立,,,,認可保育所,保育所,福井市種池1丁目811,,36.035267,136.191488,,0776-36-0065,,,,,,,,,,,,,,,,,,,,,,,,,,
花堂保育園,花堂保育園,福井市,公立,,,,認可保育所,保育所,福井市花堂北2丁目23-25,,36.040028,136.210676,,,,,,,,,,,,,,,,,,,,,,,,,,,,
河合保育園,河合保育園,福井市,公立,,,,認可保育所,保育所,福井市山室町10-7,,36.118751,136.193053,,0776-55-0109,,,,,,,,,,,,,,,,,,,,,,,,,,
清明保育園,清明保育園,福井市,公立,,,,認可保育所,保育所,福井市江端町32-67,,36.027746,136.210223,,0776-38-2633,,,,,,,,,,,,,,,,,,,,,,,,,,
西安居保育園,西安居保育園,福井市,公立,,,,認可保育所,保育所,福井市本堂町8-31-1,,36.059799,136.135056,,0776-37-1231,,,,,,,,,,,,,,,,,,,,,,,,,,
松本保育園,松本保育園,福井市,公立,,,,認可保育所,保育所,福井市幾久町7-17,,36.081298,136.226307,,0776-22-0068,,,,,,,,,,,,,,,,,,,,,,,,,,
上北野保育園,上北野保育園,福井市,公立,,,,認可保育所,保育所,福井市上北野1丁目22-46,,36.062129,136.250208,,0776-54-0069,,,,,,,,,,,,,,,,,,,,,,,,,,
麻生津保育園,麻生津保育園,福井市,公立,,,,認可保育所,保育所,福井市浅水二日町131字下河原18,,36.001616,136.19805,,0776-38-1356,,,,,,,,,,,,,,,,,,,,,,,,,,
啓蒙保育園,啓蒙保育園,福井市,公立,,,,認可保育所,保育所,福井市開発1丁目1910,,36.077288,136.243625,,0776-54-0070,,,,,,,,,,,,,,,,,,,,,,,,,,
牧島保育園,牧島保育園,福井市,公立,,,,認可保育所,保育所,福井市文京3丁目26-23,,36.079789,136.210528,,0776-22-0071,,,,,,,,,,,,,,,,,,,,,,,,,,
本郷保育園,本郷保育園,福井市,公立,,,,認可保育所,保育所,福井市大年町1-56,,36.116803,136.141447,,0776-83-0549,,,,,,,,,,,,,,,,,,,,,,,,,,
森田東保育園,森田東保育園,福井市,公立,,,,認可保育所,保育所,福井市上森田4丁目302,,36.113231,136.235168,,0776-56-0249,,,,,,,,,,,,,,,,,,,,,,,,,,
森田浜保育園,森田浜保育園,福井市,公立,,,,認可保育所,保育所,福井市粟森町浜603,,36.114576,136.241529,,0776-56-0482,,,,,,,,,,,,,,,,,,,,,,,,,,
東郷保育園,東郷保育園,福井市,公立,,,,認可保育所,保育所,福井市東郷二ｹ町37-18,,36.015505,136.273003,,0776-41-0152,,,,,,,,,,,,,,,,,,,,,,,,,,
森田栄保育園,森田栄保育園,福井市,公立,,,,認可保育所,保育所,福井市栄町2-22,,36.107728,136.223038,,0776-56-2244,,,,,,,,,,,,,,,,,,,,,,,,,,
森田栄保育園古市分園,森田栄保育園古市分園,福井市,公立,,,,認可保育所,保育所,福井市古市3丁目901,,36.103876,136.226266,,0776-56-3217,,,,,,,,,,,,,,,,,,,,,,,,,,
みやま保育園,みやま保育園,福井市,公立,,,,認可保育所,保育所,福井市境寺町36-3,,35.998256,136.364515,,0776-90-1361,,,,,,,,,,,,,,,,,,,,,,,,,,
緑ケ丘保育園,緑ケ丘保育園,(福)国見慈光会,私立,,,,認可保育所,保育所,福井市鮎川町92-23,,36.091776,136.03382,,0776-88-2050,,,,,,,,,,,,,,,,,,,,,,,,,,
中藤保育園,中藤保育園,(福)中藤福祉会,私立,,,,認可保育所,保育所,福井市高木北4丁目301-1,,36.096524,136.235054,,0776-54-5540,,,,,,,,,,,,,,,,,,,,,,,,,,
西光寺保育園,西光寺保育園,(財)西光寺福祉会,私立,,,,認可保育所,保育所,福井市左内町8-21,,36.058437,136.213178,,0776-36-1528,,,,,,,,,,,,,,,,,,,,,,,,,,
新田塚保育園,新田塚保育園,(福)白寿院,私立,,,,認可保育所,保育所,福井市新田塚1丁目42-1,,36.092377,136.205832,,0776-21-1373,,,,,,,,,,,,,,,,,,,,,,,,,,
高木保育園,高木保育園,(福)中藤福祉会,私立,,,,認可保育所,保育所,福井市高木北2丁目1011,,36.099427,136.231554,,0776-54-4303,,,,,,,,,,,,,,,,,,,,,,,,,,
仁愛保育園,仁愛保育園,(福)仁愛福祉会,私立,,,,認可保育所,保育所,福井市天池町35-2,,36.105992,136.21795,,0776-56-2688,,,,,,,,,,,,,,,,,,,,,,,,,,
大和田保育園,大和田保育園,(福)和の里福祉会,私立,,,,認可保育所,保育所,福井市大和田町51-9,,36.098628,136.258463,,0776-53-6150,,,,,,,,,,,,,,,,,,,,,,,,,,
曙保育園,曙保育園,(福)曙保育園,私立,,,,認可保育所,保育所,福井市蒲生町10-29,,36.037168,136.013666,,0776-89-2114,,,,,,,,,,,,,,,,,,,,,,,,,,
めいりん保育園,めいりん保育園,(福）あすなろ会,私立,,,,認可保育所,保育所,福井市花堂東2丁目210,,36.042853,136.222761,,0776-33-7716,,,,,,,,,,,,,,,,,,,,,,,,,,
ゆきんこ森田保育園,ゆきんこ森田保育園,(福)ゆきんこの会,私立,,,,認可保育所,保育所,福井市石盛町415,,36.11738,136.223602,,0776-50-2273,,,,,,,,,,,,,,,,,,,,,,,,,,
気比保育園,気比保育園,敦賀市,公立,,,,認可保育所,保育所,敦賀市蓬莱町4-18,,35.657743,136.070171,,0770-22-1312,,,,,,,,,,,,,,,,,,,,,,,,,,
松原保育園,松原保育園,（福）敦賀市社会福祉事業団,私立,,,,認可保育所,保育所,敦賀市松原町4-5,,35.651207,136.053718,,0770-22-0854,,,,,,,,,,,,,,,,,,,,,,,,,,
黒河保育園,黒河保育園,敦賀市,公立,,,,認可保育所,保育所,敦賀市御名38-15,,35.612373,136.0508,,0770-22-1147,,,,,,,,,,,,,,,,,,,,,,,,,,
金山保育園,金山保育園,（福）敦賀市社会福祉事業団,私立,,,,認可保育所,保育所,敦賀市桜ｹ丘町32-2,,35.624374,136.035324,,0770-22-2191,,,,,,,,,,,,,,,,,,,,,,,,,,
東浦保育園,東浦保育園,敦賀市,公立,,,,認可保育所,保育所,敦賀市大比田34-41-2,,35.744863,136.100275,,0770-28-1611,,,,,,,,,,,,,,,,,,,,,,,,,,
木崎保育園,木崎保育園,（福）敦賀市社会福祉事業団,私立,,,,認可保育所,保育所,敦賀市木崎38-4-1,,35.641891,136.044703,,0770-23-3710,,,,,,,,,,,,,,,,,,,,,,,,,,
つるが保育園,つるが保育園,敦賀市,公立,,,,認可保育所,保育所,敦賀市舞崎町2丁目21-1,,35.648333,136.07851,,0770-23-5510,,,,,,,,,,,,,,,,,,,,,,,,,,
粟野保育園,粟野保育園,敦賀市,公立,,,,認可保育所,保育所,敦賀市莇生野54-32-1,,35.630531,136.042221,,0770-25-0320,,,,,,,,,,,,,,,,,,,,,,,,,,
櫛川保育園,櫛川保育園,敦賀市,公立,,,,認可保育所,保育所,敦賀市松島町130字松原238,,35.653262,136.042983,,0770-25-1210,,,,,,,,,,,,,,,,,,,,,,,,,,
三島保育園,三島保育園,敦賀市,公立,,,,認可保育所,保育所,敦賀市三島町37-10-1,,35.6455,136.065439,,0770-25-4813,,,,,,,,,,,,,,,,,,,,,,,,,,
櫛林保育園,櫛林保育園,敦賀市,公立,,,,認可保育所,保育所,敦賀市櫛林13-9-1,,35.623971,136.046034,,0770-25-7540,,,,,,,,,,,,,,,,,,,,,,,,,,
中郷保育園,中郷保育園,敦賀市,公立,,,,認可保育所,保育所,敦賀市道口24-2-1,,35.628082,136.07185,,0770-25-7900,,,,,,,,,,,,,,,,,,,,,,,,,,
東郷保育園,東郷保育園,敦賀市,公立,,,,認可保育所,保育所,敦賀市谷口20-3-4,,35.649264,136.091844,,0770-25-4761,,,,,,,,,,,,,,,,,,,,,,,,,,
沓見保育園,沓見保育園,敦賀市,公立,,,,認可保育所,保育所,敦賀市沓見68-1-1,,35.6406,136.018617,,0770-25-4762,,,,,,,,,,,,,,,,,,,,,,,,,,
中郷西保育園,中郷西保育園,(福)つくし会,私立,,,,認可保育所,保育所,敦賀市古田刈66-1303-2,,35.631715,136.061204,,0770-24-5270,,,,,,,,,,,,,,,,,,,,,,,,,,
松乃栄保育園,松乃栄保育園,(福)松乃栄保育園,私立,,,,認可保育所,保育所,敦賀市松栄町14-13,,35.655926,136.06027,,0770-23-0320,,,,,,,,,,,,,,,,,,,,,,,,,,
晴明保育園,晴明保育園,(福)敦賀聖ﾏﾀｲ福祉会,私立,,,,認可保育所,保育所,敦賀市相生町14-3,,35.655957,136.067991,,0770-22-1460,,,,,,,,,,,,,,,,,,,,,,,,,,
藤ケ丘保育園,藤ケ丘保育園,(福)藤ｹ丘福祉会,私立,,,,認可保育所,保育所,敦賀市藤ｹ丘町15-5,,35.654522,136.085275,,0770-25-8854,,,,,,,,,,,,,,,,,,,,,,,,,,
つくしんぼ保育園,つくしんぼ保育園,(福)つくし会,私立,,,,認可保育所,保育所,敦賀市公文名29-1-2,,35.6193,136.0524,,0770-25-8547,,,,,,,,,,,,,,,,,,,,,,,,,,
遠敷保育園,遠敷保育園,小浜市,公立,,,,認可保育所,保育所,小浜市遠敷71-8,,35.478118,135.781041,,0770-52-0432,,,,,,,,,,,,,,,,,,,,,,,,,,
国富保育園,国富保育園,小浜市,公立,,,,認可保育所,保育所,小浜市粟田17-12,,35.500583,135.774489,,0770-52-5683,,,,,,,,,,,,,,,,,,,,,,,,,,
口名田保育園,口名田保育園,小浜市,公立,,,,認可保育所,保育所,小浜市中井45-8,,35.457669,135.718827,,0770-58-0212,,,,,,,,,,,,,,,,,,,,,,,,,,
中名田保育園,中名田保育園,小浜市,公立,,,,認可保育所,保育所,小浜市和多田13-40,,35.426541,135.676072,,0770-59-0102,,,,,,,,,,,,,,,,,,,,,,,,,,
加斗保育園,加斗保育園,小浜市,公立,,,,認可保育所,保育所,小浜市飯盛58-15,,35.483266,135.677347,,0770-53-3049,,,,,,,,,,,,,,,,,,,,,,,,,,
内外海保育園,内外海保育園,小浜市,公立,,,,認可保育所,保育所,小浜市甲ヶ崎22-33,,35.528548,135.754482,,0770-53-0554,,,,,,,,,,,,,,,,,,,,,,,,,,
松永保育園,松永保育園,小浜市,公立,,,,認可保育所,保育所,小浜市上野28-8-2,,35.473966,135.796354,,0770-57-1822,,,,,,,,,,,,,,,,,,,,,,,,,,
聖ルカ乳児保育園,聖ルカ乳児保育園,(福)聖ﾙｶ会,私立,,,,認可保育所,保育所,小浜市千種2丁目4-12,,35.499379,135.750377,,0770-53-1538,,,,,,,,,,,,,,,,,,,,,,,,,,
チューリップ保育園,チューリップ保育園,(福)清菱会,私立,,,,認可保育所,保育所,小浜市伏原22-1-12,,35.491171,135.745769,,0770-53-2125,,,,,,,,,,,,,,,,,,,,,,,,,,
今富そらのとり保育園,今富そらのとり保育園,(福)聖ﾙｶ会,私立,,,,認可保育所,保育所,小浜市和久里33-6,,35.48545,135.759332,,0770-56-5677,,,,,,,,,,,,,,,,,,,,,,,,,,
やまなみ保育園,やまなみ保育園,(福)清菱会,私立,,,,認可保育所,保育所,小浜市水取4丁目3-10,,35.504778,135.755538,,0770-53-2873,,,,,,,,,,,,,,,,,,,,,,,,,,
春日保育園（休所）,春日保育園（休所）,大野市,公立,,,,認可保育所,保育所,大野市日吉町24-6,,35.980324,136.495695,,0779-66-4005,,,,,,,,,,,,,,,,,,,,,,,,,,
あかね保育園,あかね保育園,大野市,公立,,,,認可保育所,保育所,大野市水落町7-24,,35.991648,136.488427,,0779-66-5273,,,,,,,,,,,,,,,,,,,,,,,,,,
荒島保育園,荒島保育園,大野市,公立,,,,認可保育所,保育所,大野市上野42-17,,35.990419,136.538175,,0779-66-4257,,,,,,,,,,,,,,,,,,,,,,,,,,
阪谷保育園,阪谷保育園,大野市,公立,,,,認可保育所,保育所,大野市伏石11-14,,35.984901,136.574065,,0779-67-1070,,,,,,,,,,,,,,,,,,,,,,,,,,
いとよ保育園,いとよ保育園,(福)いとよ保育園,私立,,,,認可保育所,保育所,大野市清和町710,,35.985613,136.502195,,0779-66-3848,,,,,,,,,,,,,,,,,,,,,,,,,,
上庄保育園,上庄保育園,(福上庄保育園,私立,,,,認可保育所,保育所,大野市稲郷43-5,,35.948885,136.522999,,0779-64-1217,,,,,,,,,,,,,,,,,,,,,,,,,,
亀山保育園,亀山保育園,(福)廣瀬福祉会,私立,,,,認可保育所,保育所,大野市水落町3-35,,35.989673,136.48578,,0779-65-1104,,,,,,,,,,,,,,,,,,,,,,,,,,
開成保育園,開成保育園,(福)ふたば福祉会,私立,,,,認可保育所,保育所,大野市新庄5字15-2,,35.974797,136.489788,,0779-65-1103,,,,,,,,,,,,,,,,,,,,,,,,,,
篠座保育園,篠座保育園,(福)若草福祉会,私立,,,,認可保育所,保育所,大野市篠座74-32,,35.963385,136.499842,,0779-65-6570,,,,,,,,,,,,,,,,,,,,,,,,,,
和泉保育園,和泉保育園,大野市,公立,,,,認可保育所,保育所,大野市朝日25-7,,35.905223,136.662656,,0779-78-2812,,,,,,,,,,,,,,,,,,,,,,,,,,
南保育園,南保育園,(福)やまぎし幼児会,私立,,,,認可保育所,保育所,勝山市元町2丁目7-28,,36.056154,136.503201,,0779-88-0850,,,,,,,,,,,,,,,,,,,,,,,,,,
平泉寺保育園,平泉寺保育園,勝山市,公立,,,,認可保育所,保育所,勝山市平泉寺町平泉寺164-45甲,,36.03586,136.532318,,0779-88-4332,,,,,,,,,,,,,,,,,,,,,,,,,,
野向保育園,野向保育園,勝山市,公立,,,,認可保育所,保育所,勝山市野向町龍谷50-47,,36.09141,136.493825,,0779-87-3888,,,,,,,,,,,,,,,,,,,,,,,,,,
ケイテー保育園,ケイテー保育園,(福)ｹｲﾃｰ保育園,私立,,,,認可保育所,保育所,勝山市元町1-8-17,,36.060828,136.501606,,0779-87-1857,,,,,,,,,,,,,,,,,,,,,,,,,,
中央保育園,中央保育園,(福)ｹｲﾃｰ保育園,私立,,,,認可保育所,保育所,勝山市栄町2-7-6,,36.062194,136.494176,,0779-88-0872,,,,,,,,,,,,,,,,,,,,,,,,,,
松文保育園,松文保育園,(福)松文保育園,私立,,,,認可保育所,保育所,勝山市旭町1-1-56,,36.057898,136.50622,,0779-69-1111,,,,,,,,,,,,,,,,,,,,,,,,,,
鹿谷保育園,鹿谷保育園,(福)越前福祉会鹿谷保育園,私立,,,,認可保育所,保育所,勝山市鹿谷町保田99-31-2,,36.070571,136.464401,,0779-89-2211,,,,,,,,,,,,,,,,,,,,,,,,,,
北郷わしのこ保育園,北郷わしのこ保育園,(福)大日園,私立,,,,認可保育所,保育所,勝山市北郷町東野28-45,,36.084505,136.429629,,0779-89-3433,,,,,,,,,,,,,,,,,,,,,,,,,,
王山保育所,王山保育所,鯖江市,公立,,,,認可保育所,保育所,鯖江市本町4丁目6-17,,35.949067,136.184304,,0778-51-0640,,,,,,,,,,,,,,,,,,,,,,,,,,
早稲田保育所,早稲田保育所,鯖江市,公立,,,,認可保育所,保育所,鯖江市日の出町6-37,,35.942341,136.185957,,0778-51-0364,,,,,,,,,,,,,,,,,,,,,,,,,,
神明保育所,神明保育所,鯖江市,公立,,,,認可保育所,保育所,鯖江市三六町1丁目1-12,,35.968409,136.178971,,0778-51-1137,,,,,,,,,,,,,,,,,,,,,,,,,,
中河保育所,中河保育所,鯖江市,公立,,,,認可保育所,保育所,鯖江市中野町208-1,,35.954503,136.210343,,0778-51-3103,,,,,,,,,,,,,,,,,,,,,,,,,,
みずほ保育園,みずほ保育園,(福)あすなろ福祉会,私立,,,,認可保育所,保育所,鯖江市下河端町47-43,,35.968576,136.197744,,0778-51-1416,,,,,,,,,,,,,,,,,,,,,,,,,,
立待保育所,立待保育所,鯖江市,公立,,,,認可保育所,保育所,鯖江市杉本町33-4-1,,35.983571,136.173629,,0778-51-3377,,,,,,,,,,,,,,,,,,,,,,,,,,
石田保育所,石田保育所,鯖江市,公立,,,,認可保育所,保育所,鯖江市石田上町44-1,,35.979554,136.160972,,0778-51-1972,,,,,,,,,,,,,,,,,,,,,,,,,,
吉川保育所,吉川保育所,鯖江市,公立,,,,認可保育所,保育所,鯖江市大倉町5-20,,35.96294,136.156526,,0778-62-1332,,,,,,,,,,,,,,,,,,,,,,,,,,
かわだ保育所,かわだ保育所,鯖江市,公立,,,,認可保育所,保育所,鯖江市莇生田町10-5-1,,35.946232,136.272373,,0778-65-0173,,,,,,,,,,,,,,,,,,,,,,,,,,
草の実保育園,草の実保育園,(福)草の実福祉会,私立,,,,認可保育所,保育所,鯖江市鳥羽1丁目3-18-2,,35.984227,136.186808,,0778-52-1511,,,,,,,,,,,,,,,,,,,,,,,,,,
すみれ保育園,すみれ保育園,(福)鯖江すみれ保育園,私立,,,,認可保育所,保育所,鯖江市住吉町1丁目14-14,,35.941096,136.181902,,0778-51-4144,,,,,,,,,,,,,,,,,,,,,,,,,,
やなぎ保育園,やなぎ保育園,(福)やなぎ保育園,私立,,,,認可保育所,保育所,鯖江市柳町4丁目2-17,,35.948409,136.192003,,0778-51-0012,,,,,,,,,,,,,,,,,,,,,,,,,,
白蓮保育園,白蓮保育園,(福)白蓮福祉会,私立,,,,認可保育所,保育所,鯖江市糺町37-7,,35.97808,136.173138,,0778-51-2493,,,,,,,,,,,,,,,,,,,,,,,,,,
あすなろ保育園,あすなろ保育園,(福)あすなろ福祉会,私立,,,,認可保育所,保育所,鯖江市御幸町2丁目15-15,,35.977944,136.191686,,0778-51-6552,,,,,,,,,,,,,,,,,,,,,,,,,,
吉江保育園,吉江保育園,(福)吉江保育園,私立,,,,認可保育所,保育所,鯖江市杉本町408,,35.982957,136.171776,,0778-51-6555,,,,,,,,,,,,,,,,,,,,,,,,,,
鯖江いずみ保育園,鯖江いずみ保育園,(福)いずみ保育園,私立,,,,認可保育所,保育所,鯖江市下河端町2-8,,35.969884,136.187936,,0778-52-4771,,,,,,,,,,,,,,,,,,,,,,,,,,
新横江保育園,新横江保育園,(福)新横江保育園,私立,,,,認可保育所,保育所,鯖江市新横江1丁目3-13,,35.941869,136.195912,,0778-52-3883,,,,,,,,,,,,,,,,,,,,,,,,,,
ふじ保育園,ふじ保育園,(福)ふじ乃里,私立,,,,認可保育所,保育所,鯖江市持明寺町14-14-1,,35.963523,136.144741,,0778-62-0236,,,,,,,,,,,,,,,,,,,,,,,,,,
上太田保育園,上太田保育園,越前市,公立,,,,認可保育所,保育所,越前市上太田町11-2,,35.900545,136.151307,,0778-22-0065,,,,,,,,,,,,,,,,,,,,,,,,,,
なかよし保育園,なかよし保育園,越前市,公立,,,,認可保育所,保育所,越前市高瀬二丁目4-14,,35.89909,136.160914,,0778-23-8024,,,,,,,,,,,,,,,,,,,,,,,,,,
家久保育園,家久保育園,越前市,公立,,,,認可保育所,保育所,越前市家久町94-2-1,,35.922551,136.166921,,0778-24-1244,,,,,,,,,,,,,,,,,,,,,,,,,,
二葉保育園,二葉保育園,(福)華光会,私立,,,,認可保育所,保育所,越前市五分市町3-6-1,,35.891352,136.227798,,0778-27-1328,,,,,,,,,,,,,,,,,,,,,,,,,,
南保育園,南保育園,(福)和楽園,私立,,,,認可保育所,保育所,越前市若竹町12-23,,35.893122,136.167158,,0778-22-3214,,,,,,,,,,,,,,,,,,,,,,,,,,
西保育園,西保育園,(福)和楽園,私立,,,,認可保育所,保育所,越前市新保町32-10,,35.907295,136.151757,,0778-22-7151,,,,,,,,,,,,,,,,,,,,,,,,,,
国高保育園,国高保育園,(福)和楽園,私立,,,,認可保育所,保育所,越前市村国一丁目9-8,,35.907073,136.183003,,0778-23-0983,,,,,,,,,,,,,,,,,,,,,,,,,,
高瀬保育園,高瀬保育園,(福)和楽園,私立,,,,認可保育所,保育所,越前市文京二丁目4-3,,35.894624,136.161039,,0778-23-5203,,,,,,,,,,,,,,,,,,,,,,,,,,
愛星保育園,愛星保育園,(福)雛岳園,私立,,,,認可保育所,保育所,越前市白崎町33-2-1,,35.864272,136.146967,,0778-24-4450,,,,,,,,,,,,,,,,,,,,,,,,,,
そよかぜ保育園,そよかぜ保育園,(福)わかたけ共済部,私立,,,,認可保育所,保育所,越前市高木町12-7-1,,35.927904,136.19066,,0778-24-0340,,,,,,,,,,,,,,,,,,,,,,,,,,
たんぽぽ保育園,たんぽぽ保育園,(福)雛岳園,私立,,,,認可保育所,保育所,越前市常久町101,,35.885439,136.162175,,0778-24-4460,,,,,,,,,,,,,,,,,,,,,,,,,,
加戸保育園,加戸保育園,坂井市,公立,,,,認可保育所,保育所,坂井市三国町加戸34-30-1,,36.228169,136.172507,,0776-82-0097,,,,,,,,,,,,,,,,,,,,,,,,,,
みくに未来保育園,みくに未来保育園,坂井市,公立,,,,認可保育所,保育所,坂井市三国町神明1丁目5-46,,36.216853,136.14691,,0776-81-2373,,,,,,,,,,,,,,,,,,,,,,,,,,
三国南保育園,三国南保育園,坂井市,公立,,,,認可保育所,保育所,坂井市三国町南本町1丁目4-35,,36.212115,136.15444,,0776-81-2910,,,,,,,,,,,,,,,,,,,,,,,,,,
三国松涛保育園,三国松涛保育園,(福)慶長会,私立,,,,認可保育所,保育所,坂井市三国町運動公園2丁目15-15,,36.228146,136.151517,,0776-82-7369,,,,,,,,,,,,,,,,,,,,,,,,,,
米納津保育所,米納津保育所,(福)米納津保育所,私立,,,,認可保育所,保育所,坂井市三国町黒目18-18,,36.173521,136.131888,,0776-81-3069,,,,,,,,,,,,,,,,,,,,,,,,,,
霞保育園,霞保育園,坂井市,公立,,,,認可保育所,保育所,坂井市丸岡町霞町3丁目10-1,,36.153333,136.274945,,0776-66-0848,,,,,,,,,,,,,,,,,,,,,,,,,,
今福保育園,今福保育園,坂井市,公立,,,,認可保育所,保育所,坂井市丸岡町今福13-7,,36.145189,136.267752,,0776-66-1196,,,,,,,,,,,,,,,,,,,,,,,,,,
安田保育園,安田保育園,坂井市,公立,,,,認可保育所,保育所,坂井市丸岡町下安田19-9,,36.125688,136.253404,,0776-66-0196,,,,,,,,,,,,,,,,,,,,,,,,,,
鳴鹿保育園,鳴鹿保育園,坂井市,公立,,,,認可保育所,保育所,坂井市丸岡町上金屋5-15,,36.110581,136.308129,,0776-66-2757,,,,,,,,,,,,,,,,,,,,,,,,,,
磯部西保育園,磯部西保育園,坂井市,公立,,,,認可保育所,保育所,坂井市丸岡町上安田7-3-1,,36.123656,136.257073,,0776-66-7601,,,,,,,,,,,,,,,,,,,,,,,,,,
高椋保育園,高椋保育園,坂井市,公立,,,,認可保育所,保育所,坂井市丸岡町寅国2-13,,36.144115,136.26966,,0776-67-4633,,,,,,,,,,,,,,,,,,,,,,,,,,
つぼみ保育園,つぼみ保育園,(福)親渉会,私立,,,,認可保育所,保育所,坂井市丸岡町坪江9-11,,36.1748,136.274438,,0776-66-2564,,,,,,,,,,,,,,,,,,,,,,,,,,
もみじ保育園,もみじ保育園,(福)丸岡福祉会,私立,,,,認可保育所,保育所,坂井市丸岡町板倉45-9,,36.128234,136.284098,,0776-67-6760,,,,,,,,,,,,,,,,,,,,,,,,,,
まごころ保育園,まごころ保育園,(福)至誠福祉会,私立,,,,認可保育所,保育所,坂井市丸岡町長崎8-5-3,,36.142561,136.250654,,0776-68-0756,,,,,,,,,,,,,,,,,,,,,,,,,,
しろの子保育園,しろの子保育園,(福)若葉会,私立,,,,認可保育所,保育所,坂井市丸岡町本町4-60,,36.156369,136.271012,,0776-68-0360,,,,,,,,,,,,,,,,,,,,,,,,,,
わっか保育園,わっか保育園,（福）和愛福祉会,私立,,,,認可保育所,保育所,坂井市丸岡町愛宕9-1,,36.149511,136.277537,,0776-68-0181,,,,,,,,,,,,,,,,,,,,,,,,,,
春江中保育園,春江中保育園,坂井市,公立,,,,認可保育所,保育所,坂井市春江町本堂5-42,,36.137741,136.20902,,0776-51-0480,,,,,,,,,,,,,,,,,,,,,,,,,,
春江東保育園,春江東保育園,坂井市,公立,,,,認可保育所,保育所,坂井市春江町中筋高田11,,36.126435,136.23502,,0776-51-2288,,,,,,,,,,,,,,,,,,,,,,,,,,
春江北保育園,春江北保育園,坂井市,公立,,,,認可保育所,保育所,坂井市春江町中庄11-2-3,,36.14897,136.189807,,0776-51-9622,,,,,,,,,,,,,,,,,,,,,,,,,,
春江西保育園,春江西保育園,坂井市,公立,,,,認可保育所,保育所,坂井市春江町松木11-7,,36.136402,136.200887,,0776-51-3046,,,,,,,,,,,,,,,,,,,,,,,,,,
春江保育園,春江保育園,坂井市,公立,,,,認可保育所,保育所,坂井市春江町江留下屋敷220,,36.130181,136.221752,,0776-51-2372,,,,,,,,,,,,,,,,,,,,,,,,,,
春江東部保育園,春江東部保育園,坂井市,公立,,,,認可保育所,保育所,坂井市春江町中筋29?1,,36.12946,136.237886,,0776-58-5833,,,,,,,,,,,,,,,,,,,,,,,,,,
春江みどり保育園,春江みどり保育園,(福)春江みどり保育園,私立,,,,認可保育所,保育所,坂井市春江町江留下宇和江9,,36.126237,136.220877,,0776-51-0285,,,,,,,,,,,,,,,,,,,,,,,,,,
いと勢保育園,いと勢保育園,(福)いと勢会,私立,,,,認可保育所,保育所,坂井市春江町江留下相田27-1,,36.128012,136.219447,,0776-51-2715,,,,,,,,,,,,,,,,,,,,,,,,,,
春江ゆり保育園,春江ゆり保育園,（福）坂井来春会,私立,,,,認可保育所,保育所,坂井市春江町随応寺24-17,,36.132903,136.222188,,0776-51-5200,,,,,,,,,,,,,,,,,,,,,,,,,,
るんびに保育園,るんびに保育園,(福)照育会,私立,,,,認可保育所,保育所,坂井市坂井町下兵庫56-4,,36.173089,136.197702,,0776-72-0229,,,,,,,,,,,,,,,,,,,,,,,,,,
大関保育園,大関保育園,(福)大関保育園,私立,,,,認可保育所,保育所,坂井市坂井町大味27-14,,36.187619,136.207303,,0776-72-1870,,,,,,,,,,,,,,,,,,,,,,,,,,
すずらん保育園,すずらん保育園,(福)すずらん保育園,私立,,,,認可保育所,保育所,坂井市坂井町高柳117-11-2,,36.183537,136.170801,,0776-72-1244,,,,,,,,,,,,,,,,,,,,,,,,,,
坂井松涛保育園,坂井松涛保育園,（福）慶長会,私立,,,,認可保育所,保育所,坂井市坂井町長畑14-1-1,,36.166138,136.237159,,0776-50-2181,,,,,,,,,,,,,,,,,,,,,,,,,,
よつば保育園,よつば保育園,（福）城久会,私立,,,,認可保育所,保育所,坂井市丸岡町磯部福庄24-18,,36.116813,136.266275,,0776-68-1112,,,,,,,,,,,,,,,,,,,,,,,,,,
なかよし幼児園,なかよし幼児園,永平寺町,公立,,,,認可保育所,保育所,吉田郡永平寺町松岡吉野堺15-37,,36.087959,136.296437,,0776-61-1092,,,,,,,,,,,,,,,,,,,,,,,,,,
松岡西幼児園,松岡西幼児園,永平寺町,公立,,,,認可保育所,保育所,吉田郡永平寺町松岡葵3丁目120,,36.09112,136.294612,,0776-61-0367,,,,,,,,,,,,,,,,,,,,,,,,,,
松岡東幼児園,松岡東幼児園,永平寺町,公立,,,,認可保育所,保育所,吉田郡永平寺町松岡薬師1丁目63,,36.0976,136.305108,,0776-61-0346,,,,,,,,,,,,,,,,,,,,,,,,,,
御陵幼児園,御陵幼児園,永平寺町,公立,,,,認可保育所,保育所,吉田郡永平寺町松岡兼定島38-6,,36.106784,136.289273,,0776-61-2001,,,,,,,,,,,,,,,,,,,,,,,,,,
志比北幼児園,志比北幼児園,永平寺町,公立,,,,認可保育所,保育所,吉田郡永平寺町吉波23-8-1,,36.095929,136.361708,,0776-63-2593,,,,,,,,,,,,,,,,,,,,,,,,,,
志比南幼児園,志比南幼児園,永平寺町,公立,,,,認可保育所,保育所,吉田郡永平寺町市野々2-19-1,,36.069476,136.327775,,0776-63-2298,,,,,,,,,,,,,,,,,,,,,,,,,,
志比幼児園,志比幼児園,永平寺町,公立,,,,認可保育所,保育所,吉田郡永平寺町谷口1-14,,36.094704,136.333318,,0776-63-2307,,,,,,,,,,,,,,,,,,,,,,,,,,
上志比幼児園,上志比幼児園,永平寺町,公立,,,,認可保育所,保育所,吉田郡永平寺町石上26-26,,36.071105,136.402227,,0776-64-2145,,,,,,,,,,,,,,,,,,,,,,,,,,
湯尾保育所,湯尾保育所,南越前町,公立,,,,認可保育所,保育所,南条郡南越前町湯尾72-15,,35.794313,136.196185,,0778-45-1168,,,,,,,,,,,,,,,,,,,,,,,,,,
河野保育園,河野保育園,南越前町,公立,,,,認可保育所,保育所,南条郡南越前町今泉19-48-4,,35.829133,136.065665,,0778-48-2123,,,,,,,,,,,,,,,,,,,,,,,,,,
あさひ保育所,あさひ保育所,"越前町
(福)どろっぷす",公立,,,,認可保育所,保育所,丹生郡越前町気比庄57-206,,35.979296,136.130259,,0778-34-0081,,,,,,,,,,,,,,,,,,,,,,,,,,
朝日西保育所,朝日西保育所,越前町,公立,,,,認可保育所,保育所,丹生郡越前町上糸生80-8,,35.997253,136.08526,,0778-34-5602,,,,,,,,,,,,,,,,,,,,,,,,,,
朝日南保育所,朝日南保育所,越前町,公立,,,,認可保育所,保育所,丹生郡越前町佐々生33-3-1,,35.954902,136.12318,,0778-34-1614,,,,,,,,,,,,,,,,,,,,,,,,,,
宮崎中央保育所,宮崎中央保育所,越前町,公立,,,,認可保育所,保育所,丹生郡越前町江波67-14,,35.944127,136.074655,,0778-32-2067,,,,,,,,,,,,,,,,,,,,,,,,,,
小曽原保育所,小曽原保育所,越前町,公立,,,,認可保育所,保育所,丹生郡越前町小曽原34-31,,35.927887,136.064181,,0778-32-2039,,,,,,,,,,,,,,,,,,,,,,,,,,
陶の谷保育所,陶の谷保育所,"越前町
(福)四ｹ浦保育園",公立,,,,認可保育所,保育所,丹生郡越前町寺13-1-1,,35.932271,136.112043,,0778-32-3014,,,,,,,,,,,,,,,,,,,,,,,,,,
城崎南保育所,城崎南保育所,越前町,公立,,,,認可保育所,保育所,丹生郡越前町米ﾉ46-12,,35.89113,135.996384,,,,,,,,,,,,,,,,,,,,,,,,,,,,
織田保育所,織田保育所,"越前町
(福)四ｹ浦保育園",公立,,,,認可保育所,保育所,丹生郡越前町織田109-56,,35.956374,136.047341,,0778-36-0160,,,,,,,,,,,,,,,,,,,,,,,,,,
あさがお保育園,あさがお保育園,(福)あさがお保育園,私立,,,,認可保育所,保育所,丹生郡越前町内郡4-13-2,,35.97381,136.122713,,0778-34-1110,,,,,,,,,,,,,,,,,,,,,,,,,,
西徳寺保育園,西徳寺保育園,(福)慈攝会,私立,,,,認可保育所,保育所,丹生郡越前町厨15-23,,35.928281,135.999971,,0778-37-1354,,,,,,,,,,,,,,,,,,,,,,,,,,
四ケ浦保育園,四ケ浦保育園,(福)四ｹ浦保育園,私立,,,,認可保育所,保育所,丹生郡越前町梅浦60-15-3,,35.952608,135.984442,,0778-37-0305,,,,,,,,,,,,,,,,,,,,,,,,,,
たいら保育園,たいら保育園,(福)輝雲会,私立,,,,認可保育所,保育所,丹生郡越前町下河原5-7,,35.950014,136.055312,,0778-36-0251,,,,,,,,,,,,,,,,,,,,,,,,,,
はぎの保育園,はぎの保育園,(福)どろっぷす,私立,,,,認可保育所,保育所,丹生郡越前町細野73,,35.975925,136.062694,,0778-36-0396,,,,,,,,,,,,,,,,,,,,,,,,,,
せせらぎ保育園,せせらぎ保育園,美浜町,公立,,,,認可保育所,保育所,三方郡美浜町河原市8-8,,35.60264,135.946581,,0770-32-0167,,,,,,,,,,,,,,,,,,,,,,,,,,
みずうみ保育園,みずうみ保育園,美浜町,公立,,,,認可保育所,保育所,三方郡美浜町久々子42-1-3,,35.60284,135.920014,,0770-32-0741,,,,,,,,,,,,,,,,,,,,,,,,,,
あおなみ保育園,あおなみ保育園,美浜町,公立,,,,認可保育所,保育所,三方郡美浜町佐田62-43,,35.627734,135.983569,,0770-38-1316,,,,,,,,,,,,,,,,,,,,,,,,,,
高浜保育所,高浜保育所,高浜町,公立,,,,認可保育所,保育所,大飯郡高浜町宮崎69-7-1,,35.489053,135.553007,,0770-72-0142,,,,,,,,,,,,,,,,,,,,,,,,,,
和田保育所,和田保育所,高浜町,公立,,,,認可保育所,保育所,大飯郡高浜町和田124-3,,35.491989,135.580261,,0770-72-0256,,,,,,,,,,,,,,,,,,,,,,,,,,
青郷保育所,青郷保育所,高浜町,公立,,,,認可保育所,保育所,大飯郡高浜町西三松13-54-1,,35.492028,135.510306,,0770-72-0887,,,,,,,,,,,,,,,,,,,,,,,,,,
佐分利保育園,佐分利保育園,(福)若里,私立,,,,認可保育所,保育所,大飯郡おおい町石山20-14,,35.450492,135.561962,,0770-78-1221,,,,,,,,,,,,,,,,,,,,,,,,,,
中央保育所,中央保育所,若狭町,公立,,,,認可保育所,保育所,三方上中郡若狭町鳥浜48-38,,35.550805,135.905526,,0770-45-1815,,,,,,,,,,,,,,,,,,,,,,,,,,
みそみ保育所,みそみ保育所,若狭町,公立,,,,認可保育所,保育所,三方上中郡若狭町井崎46-24,,35.513064,135.900544,,0770-45-0705,,,,,,,,,,,,,,,,,,,,,,,,,,
明倫保育園,明倫保育園,(福)明倫福祉会,私立,,,,認可保育所,保育所,三方上中郡若狭町藤井16-80-4,,35.534184,135.907443,,0770-45-0243,,,,,,,,,,,,,,,,,,,,,,,,,,
梅の里保育園,梅の里保育園,(福)西田福祉会,私立,,,,認可保育所,保育所,三方上中郡若狭町田井24-2-2,,35.558564,135.868215,,0770-46-1030,,,,,,,,,,,,,,,,,,,,,,,,,,
気山保育所,気山保育所,若狭町,公立,,,,認可保育所,保育所,三方上中郡若狭町上瀬1-1-67,,35.584304,135.908573,,0770-45-1329,,,,,,,,,,,,,,,,,,,,,,,,,,
とばっ子保育園,とばっ子保育園,若狭町,公立,,,,認可保育所,保育所,三方上中郡若狭町大鳥羽38-36-1,,35.508577,135.867129,,0770-64-1100,,,,,,,,,,,,,,,,,,,,,,,,,,
わかば保育園,わかば保育園,若狭町,公立,,,,認可保育所,保育所,三方上中郡若狭町瓜生37-1,,35.462005,135.875071,,0770-62-1411,,,,,,,,,,,,,,,,,,,,,,,,,,
三宅保育所,三宅保育所,若狭町,公立,,,,認可保育所,保育所,三方上中郡若狭町井ﾉ口29-27-1,,35.462782,135.851761,,0770-62-1461,,,,,,,,,,,,,,,,,,,,,,,,,,
ののはな保育園,ののはな保育園,若狭町,公立,,,,認可保育所,保育所,三方上中郡若狭町玉置50-1,,35.477341,135.824974,,0770-57-1488,,,,,,,,,,,,,,,,,,,,,,,,,,
キッズルーム  おいでおいで,キッズルーム  おいでおいで,森本　万里子,,,,,認可外保育所,ベビーホテル,福井市渕4-207,,36.047057,136.186094,,0776-34-2888,,,,,,,,,,,,,,,,,,,,,,,,,,
天使のひろば　ちるどらんど,天使のひろば　ちるどらんど,内田　弘美,,,,,認可外保育所,ベビーホテル,福井市中央1丁目21-26 山本商事ﾋﾞﾙ1階,,36.060434,136.219327,,0776-21-2333,,,,,,,,,,,,,,,,,,,,,,,,,,
子育てサポートセンター　あしおと,子育てサポートセンター　あしおと,（株）カインドリ―アイ,,,,,認可外保育所,ベビーホテル,福井市町屋2丁目6-23,,36.07789,136.231082,,0776-30-0009,,,,,,,,,,,,,,,,,,,,,,,,,,
シルバーママサービス ひだまりの家,シルバーママサービス ひだまりの家,（社）福井市シルバー人材センター,,,,,認可外保育所,ベビーホテル,福井市大宮2丁目18-25,,36.082545,136.221157,,0776-26-5478,,,,,,,,,,,,,,,,,,,,,,,,,,
県民せいきょう　ハーツきっず羽水,県民せいきょう　ハーツきっず羽水,福井県民生活協同組合,,,,,認可外保育所,ベビーホテル,福井市羽水1丁目117,,36.042422,136.227033,,0776-36-3415,,,,,,,,,,,,,,,,,,,,,,,,,,
福井市子ども一時預かり所「の〜び・のび」,福井市子ども一時預かり所「の〜び・のび」,福井市,,,,,認可外保育所,ベビーホテル,福井市中央1丁目2番1号 ﾊﾋﾟﾘﾝ2階,,36.061831,136.222263,,0776-20-5270,,,,,,,,,,,,,,,,,,,,,,,,,,
県民せいきょう　ハーツきっず学園,県民せいきょう　ハーツきっず学園,福井県民生活協同組合,,,,,認可外保育所,ベビーホテル,福井市学園2-9-22,,36.069785,136.197755,,0776-21-3415,,,,,,,,,,,,,,,,,,,,,,,,,,
県民せいきょう　ハーツきっず志比口,県民せいきょう　ハーツきっず志比口,福井県民生活協同組合,,,,,認可外保育所,ベビーホテル,福井市志比口2-11-13,,36.071219,136.237023,,0776-52-3415,,,,,,,,,,,,,,,,,,,,,,,,,,
SUPER　CENTER　PLANT−3,SUPER　CENTER　PLANT−3,（株）PLANT,,,,,認可外保育所,ベビーホテル,福井市三留町21-4,,36.030133,136.148501,,0776-98-7300,,,,,,,,,,,,,,,,,,,,,,,,,,
福井県生活学習館チャイルドルーム,福井県生活学習館チャイルドルーム,福井県,,,,,認可外保育所,ベビーホテル,福井市下六条町14ｰ1,,36.035859,136.231475,,0776-41-4200,,,,,,,,,,,,,,,,,,,,,,,,,,
福井市まちなか保育　えくぼ,福井市まちなか保育　えくぼ,（社）福井市シルバー人材センター,,,,,認可外保育所,ベビーホテル,福井市大手3丁目5-3 ｼｽﾃﾑ大手ﾋﾞﾙ1階,,36.062822,136.218799,,0776-28-0020,,,,,,,,,,,,,,,,,,,,,,,,,,
町屋福祉会　託児所「くるみ」,町屋福祉会　託児所「くるみ」,（福）町屋福祉会,,,,,認可外保育所,ベビーホテル,福井市北四ﾂ居1丁目30-15,,36.064659,136.247461,,0776-52-1803,,,,,,,,,,,,,,,,,,,,,,,,,,
（学）あおい学園　新田塚自動車学校,（学）あおい学園　新田塚自動車学校,（学）あおい学園,,,,,認可外保育所,ベビーホテル,福井市つくし野1丁目1001,,36.118566,136.216822,,0776-55-0870,,,,,,,,,,,,,,,,,,,,,,,,,,
こどもの国　あさむつ苑,こどもの国　あさむつ苑,社会福祉法人　新清会,,,,,認可外保育所,ベビーホテル,福井市引目町21-9-2,,36.022593,136.197422,,0776-38-9282,,,,,,,,,,,,,,,,,,,,,,,,,,
（社）敦賀市シルバー人材センター　託児所「たんぽぽ」,（社）敦賀市シルバー人材センター　託児所「たんぽぽ」,（社）敦賀市シルバー人材センター,,,,,認可外保育所,ベビーホテル,敦賀市金山78-9,,35.627104,136.047642,,0770-24-1250,,,,,,,,,,,,,,,,,,,,,,,,,,
きらきら保育園,きらきら保育園,NPO法人子育てサポートセンターきらきらくらぶ,,,,,認可外保育所,ベビーホテル,敦賀市若葉1丁目1610,,35.634381,136.048303,,0770-22-6447,,,,,,,,,,,,,,,,,,,,,,,,,,
（学）あおい学園　つるが中央自動車学校,（学）あおい学園　つるが中央自動車学校,（学）あおい学園,,,,,認可外保育所,ベビーホテル,敦賀市金山28-1,,35.629237,136.028819,,0770-22-0500,,,,,,,,,,,,,,,,,,,,,,,,,,
わくわくくらぶ,わくわくくらぶ,NPO法人わくわくくらぶ,,,,,認可外保育所,ベビーホテル,小浜市遠敷9丁目501,,35.484136,135.773805,,0770-56-4880,,,,,,,,,,,,,,,,,,,,,,,,,,
はましんわくわくステーション,はましんわくわくステーション,小浜信用金庫,,,,,認可外保育所,ベビーホテル,小浜市小浜白鬚112,,35.495595,135.742045,,0770-52-2505,,,,,,,,,,,,,,,,,,,,,,,,,,
シルバーママサービス ”すくすく”,シルバーママサービス ”すくすく”,あわら市シルバー人材センター,,,,,認可外保育所,ベビーホテル,あわら市国影13-13,,36.223948,136.203691,,0776-97-6088,,,,,,,,,,,,,,,,,,,,,,,,,,
NPO法人子育て交流ひろば・ちっく・たっく,NPO法人子育て交流ひろば・ちっく・たっく,NPO法人子育て交流ひろば・ちっく・たっく,,,,,認可外保育所,ベビーホテル,大野市鍬掛17-17-1 SC Vio内,,35.973408,136.478747,,0779-66-3775,,,,,,,,,,,,,,,,,,,,,,,,,,
県民せいきょう　ハーツきっずさばえ,県民せいきょう　ハーツきっずさばえ,福井県民生活協同組合,,,,,認可外保育所,ベビーホテル,鯖江市小黒町2丁目901,,35.951381,136.175052,,0778-53-0415,,,,,,,,,,,,,,,,,,,,,,,,,,
県民せいきょう　ハーツきっずたけふ,県民せいきょう　ハーツきっずたけふ,福井県民生活協同組合,,,,,認可外保育所,ベビーホテル,越前市芝原4丁目6-21,,35.919565,136.157858,,0778-21-3415,,,,,,,,,,,,,,,,,,,,,,,,,,
複合型デイサービス「てまり」,複合型デイサービス「てまり」,（医）野尻医院,,,,,認可外保育所,ベビーホテル,越前市平出1丁目12-37,,35.908975,136.15977,,0778-22-5108,,,,,,,,,,,,,,,,,,,,,,,,,,
NPO法人子どもセンターピノキオ,NPO法人子どもセンターピノキオ,NPO法人子どもセンターピノキオ,,,,,認可外保育所,ベビーホテル,越前市府中1丁目11-2,,35.904473,136.17038,,0778-23-8211,,,,,,,,,,,,,,,,,,,,,,,,,,
県民せいきょう　ハーツきっずはるえ,県民せいきょう　ハーツきっずはるえ,福井県民生活協同組合,,,,,認可外保育所,ベビーホテル,坂井市春江町随応寺25-1,,36.134567,136.223132,,0776-58-0882,,,,,,,,,,,,,,,,,,,,,,,,,,
南越前町子ども一時預かりの家 おんぶ,南越前町子ども一時預かりの家 おんぶ,南越前町シルバー人材センター,,,,,認可外保育所,ベビーホテル,南条郡南越前町脇本25-19 南条ふれあい会館内,,35.844267,136.185811,,0778-47-3200,,,,,,,,,,,,,,,,,,,,,,,,,,
おひさまるーむ,おひさまるーむ,（社）美浜町シルバー人材センター,,,,,認可外保育所,ベビーホテル,三方郡美浜町佐田62-43あおなみ保育園内,,35.627734,135.983569,,0770-38-1316,,,,,,,,,,,,,,,,,,,,,,,,,,
とらいあんぐる,とらいあんぐる,アイビーエージェント（株）,,,,,認可外保育所,一般,福井市北四ﾂ居3丁目1-6,,36.067506,136.242681,,0776-57-1789,,,,,,,,,,,,,,,,,,,,,,,,,,
Smiley Kid's,Smiley Kid's,株式会社select,,,,,認可外保育所,一般,福井市手寄1丁目7-23,,36.059784,136.222607,,0776-97-9366,,,,,,,,,,,,,,,,,,,,,,,,,,
たいよう保育ルーム,たいよう保育ルーム,(有)すのうどろっぷ,,,,,認可外保育所,一般,福井市和田東2丁目601,,36.051288,136.24764,,0776-43-9097,,,,,,,,,,,,,,,,,,,,,,,,,,
ニチイキッズふくい北四ツ居保育園,ニチイキッズふくい北四ツ居保育園,株式会社ニチイ学館,,,,,認可外保育所,一般,福井市北四ﾂ居2丁目13-9,,36.067212,136.245473,,080-6205-1338,,,,,,,,,,,,,,,,,,,,,,,,,,
企業主導型保育施設「すくすくの森」,企業主導型保育施設「すくすくの森」,（株）秋吉グループ本部,,,,,認可外保育所,一般,福井市下河北町7-1-1,,36.020575,136.216615,,0776-38-6800,,,,,,,,,,,,,,,,,,,,,,,,,,
山本電気工事（株）内　三びきのこぶた保育園,山本電気工事（株）内　三びきのこぶた保育園,山本電気工事（株）,,,,,認可外保育所,一般,小浜市遠敷8-204-1,,35.484361,135.777341,,0770-56-3833,,,,,,,,,,,,,,,,,,,,,,,,,,
町屋福祉会　まちや保育園,町屋福祉会　まちや保育園,（福）町屋福祉会,,,,,認可外保育所,一般,越前市塚町28-25-5,,35.913409,136.192768,,0778-22-2360,,,,,,,,,,,,,,,,,,,,,,,,,,
白楽荘託児所　キッズの森,白楽荘託児所　キッズの森,（福）白女林,,,,,認可外保育所,一般,坂井市三国町梶49-18,,36.246475,136.155077,,0776-82-1282,,,,,,,,,,,,,,,,,,,,,,,,,,
医療法人嶺南こころの病院　保育ルームあすいく,医療法人嶺南こころの病院　保育ルームあすいく,（医）嶺南こころの病院,,,,,認可外保育所,一般,若狭町市場24-18-1,,35.465096,135.857983,,0770-62-1131,,,,,,,,,,,,,,,,,,,,,,,,,,
報徳幼稚園,報徳幼稚園,学校法人報徳学園,私立,,,,幼稚園,,福井市手寄1丁目19-4,,36.05864,136.224477,,0776-22-0853,,,,,,,,,,,,,,,,,,,,,,,,,,
仁愛女子短期大学付属幼稚園,仁愛女子短期大学付属幼稚園,学校法人福井仁愛学園,私立,,,,幼稚園,,福井市天池町43-1-1,,36.10342,136.217575,,0776-56-3444,,,,,,,,,,,,,,,,,,,,,,,,,,
福井エンゼル幼稚園,福井エンゼル幼稚園,学校法人福井加茂学園,私立,,,,幼稚園,,福井市加茂河原3丁目12-9,,36.062838,136.190688,,0776-36-1209,,,,,,,,,,,,,,,,,,,,,,,,,,
藤島幼稚園,藤島幼稚園,学校法人藤島学園,私立,,,,幼稚園,,福井市経田2丁目512,,36.088944,136.217427,,0776-26-0269,,,,,,,,,,,,,,,,,,,,,,,,,,
聖徳幼稚園,聖徳幼稚園,学校法人聖徳幼稚園,私立,,,,幼稚園,,福井市松本3丁目11-19,,36.07203,136.224215,,0776-27-1779,,,,,,,,,,,,,,,,,,,,,,,,,,
尾上幼稚園,尾上幼稚園,学校法人尾上幼稚園,私立,,,,幼稚園,,福井市松本4丁目9-21,,36.072796,136.220766,,0776-22-5791,,,,,,,,,,,,,,,,,,,,,,,,,,
聖三一幼稚園,聖三一幼稚園,学校法人聖三一学園,私立,,,,幼稚園,,福井市宝永2丁目5-7,,36.069011,136.226349,,0776-22-3347,,,,,,,,,,,,,,,,,,,,,,,,,,
小鳩幼稚園,小鳩幼稚園,学校法人隆松学園,私立,,,,幼稚園,,福井市志比口2丁目25-25,,36.071567,136.240234,,0776-54-6144,,,,,,,,,,,,,,,,,,,,,,,,,,
常葉幼稚園,常葉幼稚園,学校法人常葉学園,私立,,,,幼稚園,,福井市花月1丁目2-26,,36.06926,136.211425,,0776-22-2824,,,,,,,,,,,,,,,,,,,,,,,,,,
光の子幼稚園,光の子幼稚園,学校法人光の子学園,私立,,,,幼稚園,,福井市日光2丁目10-10,,36.073454,136.200863,,0776-21-2041,,,,,,,,,,,,,,,,,,,,,,,,,,
早翠幼稚園,早翠幼稚園,学校法人早翠学園,私立,,,,幼稚園,,敦賀市本町1丁目6-10,,35.651416,136.073988,,0770-21-1000,,,,,,,,,,,,,,,,,,,,,,,,,,
第二早翠学園,第二早翠学園,学校法人早翠学園,私立,,,,幼稚園,,敦賀市市野々6号2-2,,35.632298,136.055255,,0770-21-0002,,,,,,,,,,,,,,,,,,,,,,,,,,
敦賀教会幼稚園,敦賀教会幼稚園,学校法人栄光学園,私立,,,,幼稚園,,敦賀市本町2丁目2-25,,35.650175,136.073968,,0770-25-0452,,,,,,,,,,,,,,,,,,,,,,,,,,
丈生神山幼稚園,丈生神山幼稚園,学校法人摂取学園,私立,,,,幼稚園,,越前市三ﾂ口町45,,35.888044,136.158931,,0778-22-1397,,,,,,,,,,,,,,,,,,,,,,,,,,
ひかり幼稚園,ひかり幼稚園,学校法人南芝原学園,私立,,,,幼稚園,,越前市芝原4丁目1-30,,35.91894,136.160508,,0778-22-3255,,,,,,,,,,,,,,,,,,,,,,,,,,
丈生幼稚園,丈生幼稚園,学校法人引接寺学園,私立,,,,幼稚園,,越前市京町3丁目3-5,,35.903348,136.162131,,0778-22-0625,,,,,,,,,,,,,,,,,,,,,,,,,,
恩恵幼稚園,恩恵幼稚園,学校法人恩恵学園,私立,,,,幼稚園,,越前市住吉町3-29,,35.899027,136.168994,,0778-23-4720,,,,,,,,,,,,,,,,,,,,,,,,,,
聖ルカ幼稚園,聖ルカ幼稚園,学校法人聖ルカ学園,私立,,,,幼稚園,,小浜市千種2丁目9-22,,35.50182,135.747852,,0770-52-0995,,,,,,,,,,,,,,,,,,,,,,,,,,
旭幼稚園,旭幼稚園,学校法人頌恵学園,私立,,,,幼稚園,,大野市本町10-7,,35.987179,136.490518,,0779-66-4235,,,,,,,,,,,,,,,,,,,,,,,,,,
大野幼稚園,大野幼稚園,学校法人最勝学舎,私立,,,,幼稚園,,大野市明倫町7-18,,35.981704,136.489382,,0779-65-3936,,,,,,,,,,,,,,,,,,,,,,,,,,
緑幼稚園,緑幼稚園,学校法人丸岡栄光学園,私立,,,,幼稚園,,坂井市丸岡町霞町1-5,,36.151303,136.270607,,0776-66-1194,,,,,,,,,,,,,,,,,,,,,,,,,,
つぼみ幼稚園,つぼみ幼稚園,松原満,私立,,,,幼稚園,,福井市花月4丁目10-3,,36.069785,136.205054,,0776-26-7355,,,,,,,,,,,,,,,,,,,,,,,,,,
  福井市大安寺幼稚園,  福井市大安寺幼稚園,  福井市,公立,,,,幼稚園,,福井市田ノ谷町14-6,,36.105381,136.176104,,0776-59-1043,,,,,,,,,,,,,,,,,,,,,,,,,,
  福井市麻生津幼稚園,  福井市麻生津幼稚園,  福井市,公立,,,,幼稚園,,福井市浅水二日町28-5,,36.002319,136.198203,,0776-38-1001,,,,,,,,,,,,,,,,,,,,,,,,,,
  福井市鶉東部幼稚園,  福井市鶉東部幼稚園,  福井市,公立,,,,幼稚園,,福井市仙町6-4,,36.128827,136.16443,,0776-59-1076,,,,,,,,,,,,,,,,,,,,,,,,,,
　福井市鷹巣幼稚園,　福井市鷹巣幼稚園,  福井市,公立,,,,幼稚園,,福井市和布町3-6,,36.130885,136.065938,,0776-86-1114,,,,,,,,,,,,,,,,,,,,,,,,,,
  福井市長橋幼稚園,  福井市長橋幼稚園,  福井市,公立,,,,幼稚園,,福井市長橋町18-48,,36.110491,136.049235,,0776-86-1119,,,,,,,,,,,,,,,,,,,,,,,,,,
  福井市一乗幼稚園,  福井市一乗幼稚園,  福井市,公立,,,,幼稚園,,福井市西新町1-4,,35.995574,136.290379,,0776-43-2024,,,,,,,,,,,,,,,,,,,,,,,,,,
  福井市東郷幼稚園,  福井市東郷幼稚園,  福井市,公立,,,,幼稚園,,福井市栃泉町3-105,,36.014274,136.272448,,0776-41-0003,,,,,,,,,,,,,,,,,,,,,,,,,,
  福井市下宇坂幼稚園,  福井市下宇坂幼稚園,  福井市,公立,,,,幼稚園,,福井市市波町55-5,,36.015519,136.33279,,0776-96-4054,,,,,,,,,,,,,,,,,,,,,,,,,,
  福井市羽生幼稚園,  福井市羽生幼稚園,  福井市,公立,,,,幼稚園,,福井市大宮町12-31,,35.999492,136.416035,,0776-90-3024,,,,,,,,,,,,,,,,,,,,,,,,,,
  福井市美山啓明幼稚園,  福井市美山啓明幼稚園,  福井市,公立,,,,幼稚園,,福井市朝谷町1-20,,35.994498,136.372056,,0776-90-3003,,,,,,,,,,,,,,,,,,,,,,,,,,
  敦賀市立敦賀北幼稚園,  敦賀市立敦賀北幼稚園,敦賀市,公立,,,,幼稚園,,敦賀市曙町11-94,,35.655824,136.075398,,0770-22-5875,,,,,,,,,,,,,,,,,,,,,,,,,,
  敦賀市立松陵幼稚園,  敦賀市立松陵幼稚園,敦賀市,公立,,,,幼稚園,,敦賀市櫛川町2-11-5-5,,35.64816,136.045731,,0770-25-8240,,,,,,,,,,,,,,,,,,,,,,,,,,
  大野市上庄幼稚園,  大野市上庄幼稚園,大野市,公立,,,,幼稚園,,大野市稲郷27-11,,35.951407,136.524215,,0779-64-1140,,,,,,,,,,,,,,,,,,,,,,,,,,
  大野市富田幼稚園,  大野市富田幼稚園,大野市,公立,,,,幼稚園,,大野市上野42-17,,35.990419,136.538175,,0779-66-4257,,,,,,,,,,,,,,,,,,,,,,,,,,
  勝山市立成器南幼稚園,  勝山市立成器南幼稚園,  勝山市,公立,,,,幼稚園,,勝山市元町2-18-38,,36.055156,136.502745,,0779-88-1328,,,,,,,,,,,,,,,,,,,,,,,,,,
  勝山市立勝山中部幼稚園,  勝山市立勝山中部幼稚園,  勝山市,公立,,,,幼稚園,,勝山市郡町2-2-27,,36.071655,136.504503,,0779-88-1271,,,,,,,,,,,,,,,,,,,,,,,,,,
  鯖江市鯖江幼稚園,  鯖江市鯖江幼稚園,  鯖江市,公立,,,,幼稚園,,鯖江市日の出町6-37,,35.942341,136.185957,,0778-51-0562,,,,,,,,,,,,,,,,,,,,,,,,,,
  鯖江市進徳幼稚園,  鯖江市進徳幼稚園,  鯖江市,公立,,,,幼稚園,,鯖江市長泉寺町1-9-19,,35.953058,136.184423,,0778-51-7717,,,,,,,,,,,,,,,,,,,,,,,,,,
  鯖江市鯖江東幼稚園,  鯖江市鯖江東幼稚園,  鯖江市,公立,,,,幼稚園,,鯖江市新横江2-6-37,,35.94,136.198795,,0778-52-5696,,,,,,,,,,,,,,,,,,,,,,,,,,
  鯖江市神明幼稚園,  鯖江市神明幼稚園,  鯖江市,公立,,,,幼稚園,,鯖江市三六町1-8-24,,35.971848,136.178298,,0778-51-1002,,,,,,,,,,,,,,,,,,,,,,,,,,
  鯖江市片上幼稚園,  鯖江市片上幼稚園,  鯖江市,公立,,,,幼稚園,,鯖江市大野町16-6,,35.973999,136.231576,,0778-52-5791,,,,,,,,,,,,,,,,,,,,,,,,,,
  鯖江市北中山幼稚園,  鯖江市北中山幼稚園,  鯖江市,公立,,,,幼稚園,,鯖江市戸口町9-11-4,,35.953366,136.244095,,0778-65-2879,,,,,,,,,,,,,,,,,,,,,,,,,,
  越前市吉野幼稚園,  越前市吉野幼稚園,越前市,公立,,,,幼稚園,,越前市本保町19-9-1,,35.925584,136.158572,,0778-22-5541,,,,,,,,,,,,,,,,,,,,,,,,,,
  越前市武生西幼稚園,  越前市武生西幼稚園,越前市,公立,,,,幼稚園,,越前市中央2-2-13,,35.90257,136.158142,,0778-22-0566,,,,,,,,,,,,,,,,,,,,,,,,,,
  越前市国高幼稚園,  越前市国高幼稚園,越前市,公立,,,,幼稚園,,越前市国高2-319-3,,35.912387,136.187038,,0778-22-4555,,,,,,,,,,,,,,,,,,,,,,,,,,
  越前市王子保幼稚園,  越前市王子保幼稚園,越前市,公立,,,,幼稚園,,越前市今宿町5-14,,35.866111,136.167481,,0778-22-7710,,,,,,,,,,,,,,,,,,,,,,,,,,
  越前市坂口幼稚園,  越前市坂口幼稚園,越前市,公立,,,,幼稚園,,越前市湯谷町24-25,,35.858977,136.087001,,0778-28-1008,,,,,,,,,,,,,,,,,,,,,,,,,,
  坂井市立三国南幼稚園,  坂井市立三国南幼稚園,  坂井市,公立,,,,幼稚園,,坂井市三国町南本町1-4-35,,36.212115,136.15444,,0776-81-2910,,,,,,,,,,,,,,,,,,,,,,,,,,
  坂井市立三国北幼稚園,  坂井市立三国北幼稚園,  坂井市,公立,,,,幼稚園,,坂井市三国町神明1-5-46,,36.216853,136.14691,,0776-81-2388,,,,,,,,,,,,,,,,,,,,,,,,,,
　坂井市立加戸幼稚園,　坂井市立加戸幼稚園,  坂井市,公立,,,,幼稚園,,坂井市三国町加戸34-30-1,,36.228169,136.172507,,0776-82-0097,,,,,,,,,,,,,,,,,,,,,,,,,,
  坂井市立平章幼稚園,  坂井市立平章幼稚園,  坂井市,公立,,,,幼稚園,,坂井市丸岡町霞町3-10-1,,36.153333,136.274945,,0776-66-0848,,,,,,,,,,,,,,,,,,,,,,,,,,
  坂井市立高椋幼稚園,  坂井市立高椋幼稚園,  坂井市,公立,,,,幼稚園,,坂井市丸岡町寅国2-13,,36.144115,136.26966,,0776-67-4633,,,,,,,,,,,,,,,,,,,,,,,,,,
　坂井市立鳴鹿幼稚園,　坂井市立鳴鹿幼稚園,  坂井市,公立,,,,幼稚園,,坂井市丸岡町上金屋5-15,,36.110581,136.308129,,0776-66-2757,,,,,,,,,,,,,,,,,,,,,,,,,,
  坂井市立磯部幼稚園,  坂井市立磯部幼稚園,  坂井市,公立,,,,幼稚園,,坂井市丸岡町上安田7-3-1,,36.123656,136.257073,,0776-66-7601,,,,,,,,,,,,,,,,,,,,,,,,,,
  坂井市立春江幼稚園,  坂井市立春江幼稚園,  坂井市,公立,,,,幼稚園,,坂井市春江町江留下屋敷220,,36.130181,136.221752,,0776-51-2372,,,,,,,,,,,,,,,,,,,,,,,,,,
  坂井市立春江東幼稚園,  坂井市立春江東幼稚園,  坂井市,公立,,,,幼稚園,,坂井市春江町中筋29-1,,36.12946,136.237886,,0776-58-5833,,,,,,,,,,,,,,,,,,,,,,,,,,
  坂井市立春江西幼稚園,  坂井市立春江西幼稚園,  坂井市,公立,,,,幼稚園,,坂井市春江町松木11-7,,36.136402,136.200887,,0776-51-0152,,,,,,,,,,,,,,,,,,,,,,,,,,
  坂井市立大石幼稚園,  坂井市立大石幼稚園,  坂井市,公立,,,,幼稚園,,坂井市春江町中庄11-2-3,,36.14897,136.189807,,0776-72-0030,,,,,,,,,,,,,,,,,,,,,,,,,,
  永平寺町松岡幼稚園,  永平寺町松岡幼稚園,  永平寺町,公立,,,,幼稚園,,吉田郡永平寺町松岡神明3-129,,36.091703,136.301386,,0776-61-0002,,,,,,,,,,,,,,,,,,,,,,,,,,
  永平寺町吉野幼稚園,  永平寺町吉野幼稚園,  永平寺町,公立,,,,幼稚園,,吉田郡永平寺町松岡吉野26-21,,36.073252,136.295259,,0776-61-1520,,,,,,,,,,,,,,,,,,,,,,,,,,
